date,total_demand,total_demand_naive,overlap_tickets,daily_tickets_booked,daily_tickets_sold,booknow_missing,cinepos_missing,startup_censored,booknow_share,day_of_week,day_name,is_weekend,month,year,is_holiday,is_major_festival,holiday_name,mean_lead_hrs_combined,mean_lead_hrs_booknow,median_lead_hrs_booknow,mean_lead_hrs_cinepos,median_lead_hrs_cinepos,n_bookings_cinepos,n_active_theaters_cinepos,n_bookings_booknow,n_active_theaters_booknow,share_tickets_type_Action,share_tickets_type_Comedy,share_tickets_type_Drama,share_tickets_type_Other,share_tickets_type_Unknown
2023-01-01,510.0,510.0,0.0,17.0,493,0,0,1,0.03333333333333333,6,Sunday,1,1,2023,0,0,,5.398039215686275,5.2,3.0,5.046052631578948,4.0,152,128,5.0,3.0,0.00392156862745098,0.00980392156862745,0.06666666666666667,0.4215686274509804,0.4980392156862745
2023-01-02,3211.0,3217.0,6.0,128.0,3089,0,0,1,0.03978862294062791,0,Monday,0,1,2023,0,0,,19.49238420889027,9.04,3.0,19.062169312169313,22.0,756,594,25.0,7.0,0.003730183400683867,0.011190550202051602,0.07522536524712466,0.4283493938451974,0.4815045073049425
2023-01-03,3270.0,3276.0,6.0,53.0,3223,0,0,1,0.01617826617826618,1,Tuesday,0,1,2023,0,0,,28.83089133089133,13.384615384615385,11.0,27.5367027677497,26.0,831,706,13.0,6.0,0.0057997557997558,0.005189255189255189,0.06868131868131869,0.40262515262515264,0.5177045177045178
2023-01-04,2956.0,2956.0,0.0,122.0,2834,0,0,1,0.041271989174560215,2,Wednesday,0,1,2023,0,0,,34.31833558863329,6.555555555555555,3.0,34.60458839406208,29.0,741,642,27.0,17.0,0.0033829499323410014,0.0006765899864682003,0.06799729364005412,0.3623139377537212,0.5656292286874154
2023-01-05,2868.0,2872.0,4.0,76.0,2796,0,0,1,0.026462395543175487,3,Thursday,0,1,2023,0,0,,45.760445682451255,25.25,2.0,40.80060422960725,32.0,662,601,24.0,17.0,0.005571030640668524,0.0006963788300835655,0.08600278551532034,0.3488857938718663,0.5588440111420613
2023-01-06,3746.0,3749.0,3.0,159.0,3590,0,0,1,0.04241130968258202,4,Friday,0,1,2023,0,0,,50.42251267004534,10.479166666666666,3.0,48.280912364945976,45.0,833,750,48.0,21.0,0.0037343291544411844,0.0013336889837289945,0.06695118698319552,0.39183782341957857,0.5361429714590558
2023-01-07,4382.0,4382.0,0.0,159.0,4223,0,0,1,0.03628480146052031,5,Saturday,1,1,2023,0,0,,58.920812414422635,26.70731707317073,23.0,55.2582056892779,49.0,914,820,41.0,24.0,0.001597444089456869,0.0,0.0670926517571885,0.3646736649931538,0.5666362391602008
2023-01-08,12133.0,12133.0,0.0,488.0,11645,0,0,1,0.040220885189153545,6,Sunday,1,1,2023,0,0,,71.11027775488337,33.04716981132076,25.0,66.85737373737373,68.0,2475,2017,106.0,38.0,0.0017308167806807878,0.003626473254759746,0.046732053078381276,0.39149427182065444,0.5564163850655238
2023-01-09,13123.0,13135.0,12.0,507.0,12628,0,0,1,0.038599162542824514,0,Monday,0,1,2023,0,0,,81.81317091739626,42.7265625,26.0,77.03286852589642,72.0,3012,2270,128.0,37.0,0.003806623524933384,0.007993909402360106,0.057556147696992764,0.3599543205177008,0.5706889988580129
2023-01-10,10845.0,10845.0,0.0,348.0,10497,0,0,1,0.03208852005532503,1,Tuesday,0,1,2023,0,0,,86.09322268326417,34.08139534883721,16.0,79.64593301435407,71.0,2508,1905,86.0,26.0,0.0040571692023974185,0.003872752420470263,0.056062701705855235,0.3712309820193638,0.5647763946519133
2023-01-11,6180.0,6184.0,4.0,160.0,6024,0,0,1,0.0258732212160414,2,Wednesday,0,1,2023,0,0,,93.08441138421733,58.733333333333334,44.0,84.5672268907563,72.0,1428,1186,45.0,20.0,0.005983182406209573,0.0017787839586028461,0.07341526520051747,0.3741914618369987,0.5446313065976714
2023-01-12,5491.0,5496.0,5.0,198.0,5298,0,0,1,0.036026200873362446,3,Thursday,0,1,2023,0,0,,109.65629548762736,73.15686274509804,68.0,98.00363967242949,97.0,1099,978,51.0,26.0,0.0030931586608442503,0.002183406113537118,0.04967248908296943,0.3462518195050946,0.5987991266375546
2023-01-13,7431.0,7438.0,7.0,388.0,7050,0,0,1,0.0521645603656897,4,Friday,0,1,2023,0,0,,112.60795912879806,63.548780487804876,26.5,102.24248777078965,96.0,1431,1252,82.0,31.0,0.002016671148158107,0.00282333960742135,0.055256789459532135,0.35856413014251143,0.581339069642377
2023-01-14,8052.0,8052.0,0.0,278.0,7774,0,0,1,0.03452558370591158,5,Saturday,1,1,2023,1,0,Makar Sankranti / Pongal,121.72640337804272,47.875,22.5,105.52438209752839,85.0,1497,1289,64.0,26.0,0.002111276701440636,0.001366120218579235,0.043964232488822655,0.3633879781420765,0.589170392449081
2023-01-15,21455.0,21468.0,13.0,544.0,20924,0,0,1,0.02534004099124278,6,Sunday,1,1,2023,0,0,,133.97778088317494,72.48387096774194,45.5,114.91307615230461,92.0,3992,2855,124.0,42.0,0.002981181293087386,0.003120924166200857,0.05911123532699832,0.39803428358487053,0.5367523756288429
2023-01-16,19080.0,19082.0,2.0,625.0,18457,0,0,1,0.03275338014883136,0,Monday,0,1,2023,0,0,,131.13174719631067,71.73469387755102,30.0,118.5203426124197,94.0,4203,2917,147.0,37.0,0.005135730007336757,0.0016769730636201656,0.06099989518918352,0.3984383188345037,0.5337490829053558
2023-01-17,7863.0,7866.0,3.0,287.0,7579,0,0,1,0.03648614289346555,1,Tuesday,0,1,2023,0,0,,127.52923976608187,59.86585365853659,19.0,109.56668608037275,85.0,1717,1372,82.0,23.0,0.0020340706839562673,0.0024154589371980675,0.06089499110094076,0.3557081108568523,0.5789473684210527
2023-01-18,6035.0,6035.0,0.0,247.0,5788,0,0,1,0.04092792046396023,2,Wednesday,0,1,2023,0,0,,142.13189726594862,76.7090909090909,70.0,126.48601398601399,100.0,1144,1011,55.0,27.0,0.00115990057995029,0.001491300745650373,0.047058823529411764,0.4004971002485501,0.5497928748964375
2023-01-19,7133.0,7137.0,4.0,312.0,6825,0,0,1,0.04371584699453552,3,Thursday,0,1,2023,0,0,,137.50819672131146,68.46153846153847,25.0,120.92114695340501,100.0,1395,1223,65.0,33.0,0.003362757461118117,0.0036429872495446266,0.06277147260753818,0.39750595488300405,0.532716827798795
2023-01-20,9833.0,9835.0,2.0,340.0,9495,0,0,1,0.03457041179461108,4,Friday,0,1,2023,0,0,,150.90421962379259,96.69318181818181,37.0,126.30497237569061,101.0,1810,1540,88.0,39.0,0.00315200813421454,0.0006100660904931368,0.06670055922724961,0.3739705134722928,0.5555668530757498
2023-01-21,8897.0,8899.0,2.0,366.0,8533,0,0,1,0.04112821665355658,5,Saturday,1,1,2023,0,0,,153.30655129789864,101.57303370786516,70.0,131.17775229357798,92.0,1744,1474,89.0,33.0,0.0033711652994718507,0.0007866052365434319,0.04798291942914934,0.39161703562198,0.5562422744128553
2023-01-22,25331.0,25341.0,10.0,593.0,24748,0,0,1,0.02340081291188193,6,Sunday,1,1,2023,0,0,,178.30397379740342,123.43884892086331,90.0,151.12615449202352,108.0,4764,3237,139.0,41.0,0.002841245412572511,0.003433171540191784,0.0555621325125291,0.38861923365297346,0.5495442168817332
2023-01-23,23675.0,23690.0,15.0,685.0,23005,0,0,1,0.02891515407344871,0,Monday,0,1,2023,0,0,,187.65512874630645,113.425,69.0,164.48679867986797,127.0,4848,3215,160.0,40.0,0.0020683832840861123,0.0028281975517095823,0.06504854368932039,0.3969607429295061,0.5330941325453777
2023-01-24,8603.0,8613.0,10.0,255.0,8358,0,0,1,0.029606408916753743,1,Tuesday,0,1,2023,0,0,,164.58829676071056,84.20289855072464,45.0,142.91218441273327,107.0,1822,1421,69.0,23.0,0.006385696040868455,0.004295831882038779,0.05851619644723093,0.3458725182863114,0.5849297573435505
2023-01-25,7101.0,7101.0,0.0,306.0,6795,0,0,1,0.043092522179974654,2,Wednesday,0,1,2023,0,0,,165.5607660892832,94.9076923076923,49.0,146.20675105485233,105.0,1422,1205,65.0,35.0,0.0032389804252922123,0.005773834671173074,0.058019997183495285,0.35586537107449656,0.5771018166455428
2023-01-26,8640.0,8640.0,0.0,412.0,8228,0,0,1,0.047685185185185185,3,Thursday,0,1,2023,1,1,Republic Day,163.36875,102.34615384615384,35.0,141.314039408867,108.0,1624,1372,78.0,34.0,0.002777777777777778,0.002199074074074074,0.050694444444444445,0.368287037037037,0.5760416666666667
2023-01-27,11209.0,11209.0,0.0,379.0,10830,0,0,1,0.033812115264519584,4,Friday,0,1,2023,0,0,,171.78329913462397,108.47474747474747,46.0,146.02274881516587,113.0,2110,1716,99.0,32.0,0.005798911588901776,0.001784280488892854,0.0647693817468106,0.40057096975644574,0.5270764564189491
2023-01-28,10370.0,10370.0,0.0,371.0,9999,0,0,1,0.035776277724204435,5,Saturday,1,1,2023,0,0,,178.3642237222758,116.375,58.5,148.37438665358195,93.0,2038,1686,80.0,37.0,0.003953712632594021,0.001639344262295082,0.041176470588235294,0.3816779170684667,0.5715525554484089
2023-01-29,28778.0,28798.0,20.0,664.0,28134,0,0,0,0.023057156746996318,6,Sunday,1,1,2023,0,0,,203.52232793944023,124.26896551724138,56.0,175.9005068518866,120.0,5327,3508,145.0,39.0,0.003784985068407528,0.0012153621779290229,0.06083755816376137,0.3907563025210084,0.5434057920688937
2023-01-30,25872.0,25896.0,24.0,703.0,25193,0,0,0,0.027147049737411184,0,Monday,0,1,2023,0,0,,215.87577232004944,129.82122905027933,68.0,180.03646024184684,121.0,5458,3434,179.0,40.0,0.0023169601482854493,0.002239728143342601,0.05684275563793636,0.3942693852332407,0.544331170837195
2023-01-31,9282.0,9290.0,8.0,165.0,9125,0,0,0,0.01776103336921421,1,Tuesday,0,1,2023,0,0,,179.98137782561895,91.12,11.0,156.90611458834857,110.0,2077,1613,50.0,18.0,0.006673842841765339,0.002798708288482239,0.047793326157158235,0.35489773950484393,0.5878363832077502
2023-02-01,5487.0,5495.0,8.0,197.0,5298,0,0,0,0.03585077343039127,2,Wednesday,0,2,2023,0,0,,134.87261146496814,95.58695652173913,48.0,116.71094480823199,81.0,1069,948,46.0,24.0,0.007279344858962694,0.0014558689717925387,0.048225659690627844,0.37288444040036395,0.5701546860782529
2023-02-02,5767.0,5770.0,3.0,207.0,5563,0,0,0,0.03587521663778163,3,Thursday,0,2,2023,0,0,,153.16360485268632,115.34693877551021,50.0,130.04497138184792,91.0,1223,1072,49.0,25.0,0.00537261698440208,0.0,0.06481802426343154,0.3499133448873484,0.579896013864818
2023-02-03,6692.0,6692.0,0.0,250.0,6442,0,0,0,0.03735803945008966,4,Friday,0,2,2023,0,0,,154.72952779438134,102.82894736842105,35.5,136.7203331020125,89.0,1441,1231,76.0,33.0,0.002390914524805738,0.0031380753138075313,0.05364614465032875,0.35385534967124926,0.5869695158398087
2023-02-04,7544.0,7556.0,12.0,274.0,7282,0,0,0,0.03626257278983589,5,Saturday,1,2,2023,0,0,,174.77051349920592,110.8529411764706,36.5,141.73707440100884,80.0,1586,1335,68.0,30.0,0.0031762837480148226,0.003970354685018529,0.0606140815246162,0.36434621492853364,0.5678930651138169
2023-02-05,20150.0,20164.0,14.0,649.0,19515,0,0,0,0.032186074191628646,6,Sunday,1,2,2023,0,0,,193.47054155921444,110.95569620253164,50.0,161.47654921020657,100.0,4115,2941,158.0,46.0,0.0044634001190240035,0.002281293394167824,0.05316405475104146,0.37849633009323547,0.5615949216425312
2023-02-06,21126.0,21140.0,14.0,667.0,20473,0,0,0,0.0315515610217597,0,Monday,0,2,2023,0,0,,218.01206244087038,116.7514450867052,50.0,176.46460272786317,117.0,4619,3079,173.0,41.0,0.001892147587511826,0.0024124881740775783,0.05506149479659413,0.37928098391674553,0.561352885525071
2023-02-07,8218.0,8220.0,2.0,189.0,8031,0,0,0,0.022992700729927006,1,Tuesday,0,2,2023,0,0,,188.0699513381995,84.93442622950819,26.0,148.30298013245033,96.0,1812,1452,61.0,21.0,0.00267639902676399,0.005231143552311436,0.04890510948905109,0.3554744525547445,0.587712895377129
2023-02-08,6396.0,6416.0,20.0,249.0,6167,0,0,0,0.03880922693266833,2,Wednesday,0,2,2023,0,0,,166.4523067331671,87.86440677966101,67.0,138.7148231753198,95.0,1329,1132,59.0,26.0,0.00529925187032419,0.003740648379052369,0.047537406483790526,0.40321072319201995,0.5402119700748129
2023-02-09,7659.0,7667.0,8.0,310.0,7357,0,0,0,0.04043302465110213,3,Thursday,0,2,2023,0,0,,171.32776835789747,100.28947368421052,30.5,142.28649969456322,99.0,1637,1381,76.0,32.0,0.0063910264771096905,0.0,0.06051910786487544,0.3366375374983696,0.5964523281596452
2023-02-10,21899.0,21909.0,10.0,680.0,21229,0,0,0,0.031037473184536035,4,Friday,0,2,2023,0,0,,198.55150851248345,133.85616438356163,50.0,171.20405862457721,126.0,4435,3127,146.0,47.0,0.0032863206901273447,0.0008215801725318362,0.058514765621434116,0.38463645077365466,0.5527408827422521
2023-02-11,8698.0,8698.0,0.0,258.0,8440,0,0,0,0.029661991262359164,5,Saturday,1,2,2023,0,0,,171.5117268337549,86.82089552238806,25.0,148.30438886267106,94.0,2119,1649,67.0,28.0,0.0036790066681995862,0.003104161876293401,0.05564497585651874,0.32559209013566337,0.6119797654633249
2023-02-12,18677.0,18699.0,22.0,627.0,18072,0,0,0,0.033531204877266164,6,Sunday,1,2,2023,0,0,,198.179260923044,106.20454545454545,49.5,168.0425321463897,106.0,4044,2905,132.0,49.0,0.004010909674314134,0.003315685330766351,0.06433499117599871,0.3782020428899941,0.5501363709289266
2023-02-13,21221.0,21224.0,3.0,696.0,20528,0,0,0,0.03279306445533359,0,Monday,0,2,2023,0,0,,235.11369204673954,106.9074074074074,50.0,190.93478260869566,123.0,4692,3112,162.0,37.0,0.004617414248021108,0.002968337730870712,0.055173388616660386,0.3809366754617414,0.5563041839427064
2023-02-14,8013.0,8013.0,0.0,232.0,7781,0,0,0,0.028952951453887432,1,Tuesday,0,2,2023,0,0,,181.29414701110696,110.47368421052632,69.0,163.83112733911457,109.0,2191,1570,76.0,21.0,0.0028703357044802197,0.0041183077499064025,0.055409958816922504,0.34107076001497566,0.5965306377137152
2023-02-15,6887.0,6893.0,6.0,270.0,6623,0,0,0,0.03917017263890904,2,Wednesday,0,2,2023,0,0,,180.96431162048455,89.75,21.5,154.1168923734854,101.0,1403,1210,76.0,33.0,0.004207166690845786,0.0043522414043232266,0.04279704047584506,0.36848977223269985,0.5801537791962861
2023-02-16,8003.0,8014.0,11.0,292.0,7722,0,0,0,0.036436236585974544,3,Thursday,0,2,2023,0,0,,172.79086598452707,97.94202898550725,26.0,147.58272506082724,98.0,1644,1386,69.0,32.0,0.004492138757174944,0.0,0.06276516096830546,0.40092338407786376,0.5318193161966559
2023-02-17,10071.0,10079.0,8.0,273.0,9806,0,0,0,0.027086020438535568,4,Friday,0,2,2023,0,0,,177.20775870622086,133.49367088607596,27.0,154.03654970760235,95.0,2052,1696,79.0,30.0,0.0029764857624764362,0.0014882428812382181,0.05010417700168668,0.3740450441512055,0.5713860502033932
2023-02-18,9311.0,9311.0,0.0,329.0,8982,0,0,0,0.035334550531629254,5,Saturday,1,2,2023,1,0,Maha Shivaratri,194.4070454301364,110.18072289156626,50.0,160.89748953974896,96.0,1912,1593,83.0,37.0,0.0027923960906454733,0.0027923960906454733,0.05434432391794652,0.35925249704650414,0.5808183868542584
2023-02-19,23582.0,23598.0,16.0,606.0,22992,0,0,0,0.025680142384947875,6,Sunday,1,2,2023,0,0,,220.8774896177642,136.87591240875912,51.0,179.5323435843054,102.0,4715,3254,137.0,44.0,0.001991694211373845,0.0012289177048902449,0.05911517925247902,0.37092126451394186,0.566742944317315
2023-02-20,23230.0,23248.0,18.0,619.0,22629,0,0,0,0.026625946317962834,0,Monday,0,2,2023,0,0,,243.70556607019958,161.00694444444446,79.0,192.54369315935153,120.0,5058,3323,144.0,40.0,0.0047315898141775635,0.0026668960770818997,0.05953200275292498,0.36897797660013765,0.5640915347556779
2023-02-21,9896.0,9902.0,6.0,302.0,9600,0,0,0,0.030498889113310442,1,Tuesday,0,2,2023,0,0,,215.42435871541102,159.08196721311475,46.0,163.35996240601503,95.5,2128,1667,61.0,22.0,0.00414057766107857,0.0033326600686729956,0.07180367602504545,0.34891941022015754,0.5718036760250454
2023-02-22,7156.0,7167.0,11.0,146.0,7021,0,0,0,0.020371145528114972,2,Wednesday,0,2,2023,0,0,,191.23831449700015,138.52173913043478,56.0,155.39173228346456,94.0,1524,1295,46.0,24.0,0.0030696246686200642,0.000558113576112739,0.0666945723454723,0.35705316031812473,0.5726245290916702
2023-02-23,8488.0,8496.0,8.0,369.0,8127,0,0,0,0.04343220338983051,3,Thursday,0,2,2023,0,0,,194.70845103578154,104.20202020202021,27.0,154.9228971962617,97.0,1712,1459,99.0,34.0,0.002236346516007533,0.003766478342749529,0.05532015065913371,0.3777071563088512,0.560969868173258
2023-02-24,10951.0,10953.0,2.0,408.0,10545,0,0,0,0.03725006847439058,4,Friday,0,2,2023,0,0,,192.3683009221218,117.36144578313252,46.0,159.43199276999547,104.0,2213,1806,83.0,34.0,0.003378069935177577,0.0025563772482424907,0.0619921482698804,0.3499497854469095,0.58212361909979
2023-02-25,10876.0,10888.0,12.0,406.0,10482,0,0,0,0.037288758265980895,5,Saturday,1,2,2023,0,0,,187.5480345334313,138.26732673267327,26.0,157.68678414096917,92.0,2270,1853,101.0,40.0,0.002755326965466569,0.0013776634827332844,0.07567964731814843,0.35837619397501835,0.5618111682586333
2023-02-26,28055.0,28074.0,19.0,679.0,27395,0,0,0,0.024186079646648144,6,Sunday,1,2,2023,0,0,,221.37953266367458,145.85534591194968,67.0,183.19492460463405,104.0,5438,3668,159.0,46.0,0.004666239224905606,0.002600270713115338,0.06593289164351357,0.38181235306689465,0.5449882453515709
2023-02-27,27554.0,27563.0,9.0,814.0,26749,0,0,0,0.02953234408446105,0,Monday,0,2,2023,0,0,,264.4680550012698,156.1206896551724,69.5,206.00616631430586,126.0,5676,3611,174.0,41.0,0.0031201248049922,0.0021042702173203207,0.06603054819867213,0.38109059246090776,0.5476544643181076
2023-02-28,19303.0,19327.0,24.0,581.0,18746,0,0,0,0.030061571894241218,1,Tuesday,0,2,2023,0,0,,197.46803390185204,96.41911764705883,15.5,157.79704704704704,94.0,4059,2814,139.0,38.0,0.006105448336524034,0.004397992445801211,0.055673410255083565,0.34997671651058104,0.5838464324520102
2023-03-01,6859.0,6861.0,2.0,300.0,6561,0,0,0,0.043725404459991256,2,Wednesday,0,3,2023,0,0,,161.0862847981344,79.0,29.0,118.61068702290076,66.0,1310,1122,70.0,33.0,0.0033522810085993295,0.001020259437399796,0.07214691735898557,0.3653986299373269,0.5580819122576883
2023-03-02,8263.0,8279.0,16.0,327.0,7952,0,0,0,0.039497523855538105,3,Thursday,0,3,2023,0,0,,147.04964367677255,73.54878048780488,26.0,116.92782874617737,57.0,1635,1390,82.0,32.0,0.005677014132141563,0.0033820509723396547,0.0751298465998309,0.3436405362966542,0.5721705519990337
2023-03-03,8098.0,8103.0,5.0,284.0,7819,0,0,0,0.035048747377514504,4,Friday,0,3,2023,0,0,,159.96174256448228,139.82608695652175,47.0,121.91818181818182,72.0,1650,1419,69.0,30.0,0.004319387881031716,0.0011106997408367272,0.07133160557818093,0.3522152289275577,0.5710230778723929
2023-03-04,21487.0,21503.0,16.0,609.0,20894,0,0,0,0.02832162954006418,5,Saturday,1,3,2023,0,0,,190.7815653629726,129.22556390977442,72.0,144.97677119628338,94.0,4305,3073,133.0,42.0,0.005301585825233688,0.0025577826349811655,0.06533972003906431,0.37971445844765844,0.5470864530530624
2023-03-05,22452.0,22463.0,11.0,688.0,21775,0,0,0,0.03062814405911944,6,Sunday,1,3,2023,0,0,,227.75608778880826,97.59006211180125,45.0,161.27452242970594,102.0,4659,3249,161.0,45.0,0.004896941637359213,0.002760094377420647,0.06829007701553666,0.3787561768241108,0.5452967101455727
2023-03-06,9615.0,9633.0,18.0,280.0,9353,0,0,0,0.029066749714522992,0,Monday,0,3,2023,0,0,,191.09986504723346,91.30434782608695,36.0,140.4457711442786,92.0,2010,1591,69.0,19.0,0.005086681200041524,0.0011419080244991177,0.06861829129035607,0.3320876154884252,0.5930655039966781
2023-03-07,7207.0,7209.0,2.0,245.0,6964,0,0,0,0.0339852961575808,1,Tuesday,0,3,2023,0,0,,161.8300735192121,108.0,66.5,129.9763440860215,92.0,1395,1205,58.0,29.0,0.004161464835622139,0.0011097239561659038,0.056179775280898875,0.383270911360799,0.555278124566514
2023-03-08,9255.0,9258.0,3.0,351.0,8907,0,0,0,0.03791315618924174,2,Wednesday,0,3,2023,1,1,Holi,177.26096349103477,113.84705882352941,31.0,128.76923076923077,95.0,1768,1485,85.0,31.0,0.0035644847699287103,0.0008641175199827177,0.06902138690861957,0.36854612227262906,0.55800388852884
2023-03-09,10889.0,10891.0,2.0,423.0,10468,0,0,0,0.03883940868607107,3,Thursday,0,3,2023,0,0,,164.74915067486916,114.29896907216495,48.0,136.1454802259887,92.0,2124,1747,97.0,45.0,0.005876411716095859,0.0016527407951519603,0.06822146726655036,0.3575429253512074,0.5667064548709944
2023-03-10,10509.0,10514.0,5.0,407.0,10107,0,0,0,0.0387102910405174,4,Friday,0,3,2023,0,0,,172.3773064485448,98.6734693877551,29.0,139.09661835748793,85.0,2070,1747,98.0,42.0,0.003328894806924101,0.002282670724747955,0.06315389005136009,0.36170819859235304,0.5695263458246148
2023-03-11,29216.0,29263.0,47.0,852.0,28411,0,0,0,0.02911526501042272,5,Saturday,1,3,2023,0,0,,230.80145576325052,135.75956284153006,57.0,171.56309569195577,107.0,5246,3585,183.0,48.0,0.0015036052352800464,0.0024946177767146225,0.06667122304616752,0.3769264942077026,0.5524040597341353
2023-03-12,27265.0,27278.0,13.0,761.0,26517,0,0,0,0.02789793973165188,6,Sunday,1,3,2023,0,0,,257.35314172593297,139.86046511627907,59.0,181.952241537054,118.0,5465,3553,172.0,41.0,0.004142532443727546,0.002602830119510228,0.07863479727252731,0.37484419678862085,0.539775643375614
2023-03-13,11649.0,11649.0,0.0,386.0,11263,0,0,0,0.033135891492832005,0,Monday,0,3,2023,0,0,,210.98635075972186,80.07058823529412,26.0,160.31920305214075,101.0,2359,1832,85.0,31.0,0.001545197012619109,0.0036054596961112542,0.053652674049274617,0.3693879302944459,0.5718087389475491
2023-03-14,9207.0,9211.0,4.0,426.0,8785,0,0,0,0.04624905004885463,1,Tuesday,0,3,2023,0,0,,188.92628379111932,116.91566265060241,58.0,142.18166573504752,96.0,1789,1510,83.0,35.0,0.004994028878514819,0.0011942242970361524,0.07013353598957768,0.3487134947345565,0.5749647161003149
2023-03-15,12437.0,12460.0,23.0,426.0,12034,0,0,0,0.03418940609951846,2,Wednesday,0,3,2023,0,0,,231.60770465489566,106.1078431372549,25.5,163.06843575418995,108.0,2148,1778,102.0,41.0,0.00826645264847512,0.006741573033707865,0.0622792937399679,0.33025682182985555,0.5924558587479936
2023-03-16,14763.0,14769.0,6.0,424.0,14345,0,0,0,0.028708781908050648,3,Thursday,0,3,2023,0,0,,208.40043334010429,108.98850574712644,25.0,160.00768049155147,106.0,2604,2060,87.0,39.0,0.0025052474778251743,0.002708375651702891,0.05701130746834586,0.3530367661994719,0.5847383032026542
2023-03-17,14135.0,14138.0,3.0,513.0,13625,0,0,0,0.0362851888527373,4,Friday,0,3,2023,0,0,,233.219337954449,136.85714285714286,46.0,160.12591986917417,96.0,2446,2012,98.0,39.0,0.0039609562880181075,0.001343895883434715,0.0688216155043146,0.3579006931673504,0.5679728391568821
2023-03-18,37636.0,37670.0,34.0,1030.0,36640,0,0,0,0.027342713034244757,5,Saturday,1,3,2023,0,0,,258.3627555083621,149.2275132275132,50.0,188.88013051691567,117.0,5823,3912,189.0,50.0,0.0017255110167241838,0.003026280860100876,0.06548977966551632,0.3960711441465357,0.5336872843111229
2023-03-19,31897.0,31905.0,8.0,876.0,31029,0,0,0,0.02745651151857076,6,Sunday,1,3,2023,0,0,,302.20419996865695,123.60663507109005,44.0,204.6746017854017,123.0,5713,3680,211.0,47.0,0.00946560100297759,0.003479078514339445,0.07519197617928225,0.3620435668390534,0.5498197774643473
2023-03-20,21783.0,21783.0,0.0,753.0,21030,0,0,0,0.03456824128907864,0,Monday,0,3,2023,0,0,,281.30234586604234,115.6319018404908,22.0,177.2764563106796,102.0,4120,2810,163.0,35.0,0.005049809484460359,0.003443051921222972,0.07335995960152412,0.3528898682458798,0.5652573107469128
2023-03-21,11519.0,11521.0,2.0,338.0,11183,0,0,0,0.029337731099730927,1,Tuesday,0,3,2023,0,0,,226.50056418713655,77.67021276595744,22.5,154.62652869238005,94.0,2126,1682,94.0,32.0,0.005381477302317507,0.0026907386511587535,0.08054856349275237,0.35309434944883256,0.5582848711049389
2023-03-22,13663.0,13672.0,9.0,577.0,13095,0,0,0,0.04220304271503803,2,Wednesday,0,3,2023,0,0,,230.617758923347,117.05825242718447,49.0,168.92056932966022,118.0,2178,1793,103.0,38.0,0.001974839087185489,0.001828554710356934,0.05339379754242247,0.3921884142773552,0.5506143943826799
2023-03-23,19740.0,19750.0,10.0,542.0,19208,0,0,0,0.027443037974683546,3,Thursday,0,3,2023,0,0,,242.97822784810126,152.0,94.5,184.61097687262685,127.0,2897,2304,104.0,37.0,0.0023291139240506327,0.00025316455696202533,0.06855696202531646,0.38045569620253167,0.5484050632911392
2023-03-24,19769.0,19823.0,54.0,572.0,19251,0,0,0,0.02885537002471876,4,Friday,0,3,2023,0,0,,266.2672148514352,143.40178571428572,45.0,189.19094622191966,125.0,2938,2310,112.0,40.0,0.005145538011400898,0.0009584825707511477,0.08283307269333602,0.379407758664178,0.531655148060334
2023-03-25,51734.0,51788.0,54.0,1200.0,50588,0,0,0,0.023171391055843052,5,Saturday,1,3,2023,0,0,,291.50820653433226,173.91304347826087,74.0,212.92995485656036,145.0,6867,4397,184.0,50.0,0.0018150922993743724,0.0023943770757704486,0.07053757627249556,0.40849231482196646,0.5167606395303932
2023-03-26,32728.0,32748.0,20.0,1037.0,31711,0,0,0,0.03166605594234762,6,Sunday,1,3,2023,0,0,,299.0285208256993,179.02631578947367,72.5,211.09529411764706,120.0,5950,3788,190.0,50.0,0.003572737266397948,0.0032063026749725174,0.07191278856724075,0.3695492854525467,0.551758886038842
2023-03-27,15276.0,15280.0,4.0,380.0,14900,0,0,0,0.024869109947643978,0,Monday,0,3,2023,0,0,,245.52892670157067,136.10843373493975,52.0,170.26214969847464,95.0,2819,2060,83.0,27.0,0.004384816753926701,0.004842931937172775,0.07198952879581152,0.3356020942408377,0.5831806282722513
2023-03-28,16210.0,16232.0,22.0,587.0,15645,0,0,0,0.03616313454903894,1,Tuesday,0,3,2023,0,0,,234.86384918679153,135.7844827586207,72.5,179.72310126582278,114.5,2528,2065,116.0,38.0,0.0054829965500246425,0.007700837851158206,0.052858551010349926,0.37721784130113356,0.5567397732873337
2023-03-29,18161.0,18161.0,0.0,529.0,17632,0,0,0,0.029128351962997633,2,Wednesday,0,3,2023,0,0,,232.919607951104,127.3688524590164,72.5,172.8328738800827,115.0,2902,2309,122.0,38.0,0.0036341611144760752,0.002092395793183195,0.04674852706348769,0.3591762568140521,0.588348659214801
2023-03-30,23389.0,23419.0,30.0,608.0,22811,0,0,0,0.02596182586788505,3,Thursday,0,3,2023,1,0,Ram Navami,254.47615184252103,126.0569105691057,52.0,186.0040709508578,120.0,3439,2639,123.0,42.0,0.0032025278619923995,0.0023485204321277596,0.06605747470002989,0.37059652418976047,0.5577949528160895
2023-03-31,16270.0,16270.0,0.0,340.0,15930,0,0,0,0.02089735709895513,4,Friday,0,3,2023,0,0,,226.90946527350954,160.40963855421685,27.0,169.6233918128655,95.0,2565,2092,83.0,35.0,0.002642901044867855,0.0,0.049231714812538414,0.38537185003073143,0.5627535341118624
2023-04-01,24068.0,24082.0,14.0,375.0,23707,0,0,0,0.01557179636242837,5,Saturday,1,4,2023,0,0,,220.44780333859313,102.56565656565657,28.0,163.30130423210008,95.0,3757,2852,99.0,40.0,0.00286521053068682,0.00041524790299808987,0.06764388339838884,0.38431193422473214,0.5447637239431941
2023-04-02,19404.0,19420.0,16.0,515.0,18905,0,0,0,0.026519052523171986,6,Sunday,1,4,2023,0,0,,224.82157569515962,113.02586206896552,46.0,165.16580692704494,97.0,4071,2878,116.0,36.0,0.004788877445932029,0.0007209062821833162,0.051956745623069,0.3685890834191555,0.5739443872296601
2023-04-03,9224.0,9224.0,0.0,239.0,8985,0,0,0,0.025910667823070253,0,Monday,0,4,2023,0,0,,181.94568516912403,96.65217391304348,38.0,143.44117647058823,86.0,1938,1527,69.0,17.0,0.0053122289679098005,0.003686036426712923,0.038486556808326106,0.32133564614050303,0.6311795316565482
2023-04-04,7648.0,7650.0,2.0,230.0,7420,0,0,0,0.030065359477124184,1,Tuesday,0,4,2023,1,0,Mahavir Jayanti,169.979477124183,96.28,24.5,128.6978851963746,82.5,1324,1160,50.0,22.0,0.012026143790849673,0.00026143790849673205,0.04352941176470588,0.38496732026143793,0.5592156862745098
2023-04-05,9318.0,9326.0,8.0,357.0,8969,0,0,0,0.038280077203517046,2,Wednesday,0,4,2023,0,0,,160.78940596182716,79.47887323943662,24.0,123.98378728923475,79.0,1542,1306,71.0,32.0,0.0043963113875187644,0.0028951318893416255,0.06444349131460433,0.38172850096504396,0.5465365644434913
2023-04-06,10635.0,10646.0,11.0,323.0,10323,0,0,0,0.030340033815517566,3,Thursday,0,4,2023,0,0,,174.15517565282735,103.25806451612904,29.0,133.67330677290838,80.0,1757,1511,62.0,30.0,0.0034754837497651702,0.0010332519256058613,0.06800676310351306,0.375727972947586,0.55175652827353
2023-04-07,10612.0,10614.0,2.0,396.0,10218,0,0,0,0.03730921424533635,4,Friday,0,4,2023,1,0,Good Friday,178.4527981910684,98.28767123287672,24.0,135.06900517538816,79.0,1739,1508,73.0,35.0,0.0016016581872997928,0.0016016581872997928,0.05200678349349915,0.358111927642736,0.5866779724891652
2023-04-08,28991.0,28995.0,4.0,718.0,28277,0,0,0,0.024762890153474736,5,Saturday,1,4,2023,0,0,,214.3913088463528,109.0948905109489,32.0,153.45762331838566,94.0,4460,3250,137.0,41.0,0.003966201069149853,0.0014485256078634247,0.062286601138127264,0.41120882910846696,0.5210898430763925
2023-04-09,21504.0,21524.0,20.0,721.0,20803,0,0,0,0.03349749117264449,6,Sunday,1,4,2023,0,0,,219.17464225980302,93.26373626373626,36.0,164.76038410004466,102.0,4478,3150,182.0,43.0,0.00297342501393793,0.0024159078238245677,0.057191971752462364,0.36317598959301245,0.5742427058167627
2023-04-10,8547.0,8555.0,8.0,299.0,8256,0,0,0,0.03495032144944477,0,Monday,0,4,2023,0,0,,197.5303331385155,106.77922077922078,69.0,152.38915727321523,94.0,1863,1507,77.0,27.0,0.006428988895382817,0.0026884862653419055,0.05295149035651666,0.30917592051431914,0.6287551139684395
2023-04-11,7473.0,7492.0,19.0,267.0,7225,0,0,0,0.03563801388147357,1,Tuesday,0,4,2023,0,0,,174.94981313400962,137.38,96.0,129.93028659953524,97.0,1291,1131,50.0,24.0,0.0030699412706887345,0.0029364655632674853,0.06433529097704217,0.33782701548318206,0.5918312867058195
2023-04-12,9017.0,9021.0,4.0,390.0,8631,0,0,0,0.04323245759893582,2,Wednesday,0,4,2023,0,0,,183.30218379337103,83.36585365853658,25.0,136.60641781270465,98.0,1527,1341,82.0,32.0,0.0017736392861101874,0.0022170491076377342,0.07382773528433655,0.34996120164061634,0.5722203746812992
2023-04-13,12169.0,12169.0,0.0,342.0,11827,0,0,0,0.028104199194674995,3,Thursday,0,4,2023,0,0,,181.25277344071,139.35064935064935,21.0,146.35980148883374,112.0,2015,1716,77.0,30.0,0.002711808694223026,0.0040266250308160076,0.04470375544416139,0.381543265675076,0.5670145451557236
2023-04-14,12013.0,12017.0,4.0,381.0,11636,0,0,0,0.03170508446367646,4,Friday,0,4,2023,0,0,,184.56727968710993,139.21917808219177,46.0,142.00585365853658,82.0,2050,1711,73.0,36.0,0.0025796787883831237,0.0017475243405176,0.05642007156528252,0.324040941998835,0.6152117833069818
2023-04-15,36510.0,36522.0,12.0,735.0,35787,0,0,0,0.02012485625102678,5,Saturday,1,4,2023,0,0,,223.9541646131099,124.99285714285715,49.0,168.69228013612752,101.0,5583,3825,140.0,47.0,0.0031761677892776954,0.0006023766496905975,0.06659000054761513,0.41142325173867805,0.5182082032747385
2023-04-16,25500.0,25513.0,13.0,691.0,24822,0,0,0,0.027084231568220124,6,Sunday,1,4,2023,0,0,,244.16740485242818,110.96648044692738,44.0,181.24023965983764,116.0,5174,3536,179.0,45.0,0.003997961823384157,0.003370830556970956,0.06961157057186533,0.36875318465096224,0.5542664523968173
2023-04-17,9568.0,9575.0,7.0,275.0,9300,0,0,0,0.028720626631853787,0,Monday,0,4,2023,0,0,,198.19676240208878,101.325,13.5,150.49712368168744,93.0,2086,1662,80.0,22.0,0.005326370757180157,0.0029242819843342035,0.05065274151436031,0.3311749347258486,0.6099216710182768
2023-04-18,8775.0,8777.0,2.0,258.0,8519,0,0,0,0.029395009684402416,1,Tuesday,0,4,2023,0,0,,220.37336219665033,88.22222222222223,23.0,153.07873485868103,103.0,1486,1273,63.0,34.0,0.0017090121909536288,0.0020508146291443544,0.07314572177281531,0.31331890167483195,0.6097755497322548
2023-04-19,10307.0,10314.0,7.0,375.0,9939,0,0,0,0.036358347876672484,2,Wednesday,0,4,2023,0,0,,200.60587550901687,77.88311688311688,24.0,151.5944380069525,102.0,1726,1494,77.0,31.0,0.003684312584836145,0.002036067481093659,0.06631762652705062,0.3581539654838084,0.5698080279232112
2023-04-20,14091.0,14114.0,23.0,438.0,13676,0,0,0,0.031033016862689528,3,Thursday,0,4,2023,0,0,,219.79566387983562,138.01,34.0,159.92760575665068,118.0,2293,1869,100.0,36.0,0.006305795663879836,0.0026923621935666716,0.05505172169477115,0.3906050729771858,0.5453450474705965
2023-04-21,12443.0,12447.0,4.0,350.0,12097,0,0,0,0.028119225516188638,4,Friday,0,4,2023,0,0,,203.7280469189363,100.1829268292683,53.0,154.98403006106153,96.0,2129,1763,82.0,35.0,0.002811922551618864,0.0,0.05326584719209448,0.3549449666586326,0.588977263597654
2023-04-22,38405.0,38428.0,23.0,913.0,37515,0,0,0,0.023758717601748726,5,Saturday,1,4,2023,1,1,Eid al-Fitr,239.95997710003124,150.4319526627219,57.0,182.4754491017964,116.0,5845,3945,169.0,49.0,0.0016654522743832622,0.0028364734048089936,0.058212761528052465,0.3800614135526179,0.5572238992401374
2023-04-23,26160.0,26173.0,13.0,754.0,25419,0,0,0,0.02880831391128262,6,Sunday,1,4,2023,0,0,,255.60868070148626,118.72674418604652,37.0,192.8143903813639,119.0,5323,3593,172.0,51.0,0.0034768654720513507,0.0018721583311045735,0.0719061628395675,0.37550147098154585,0.5472433423757307
2023-04-24,10028.0,10034.0,6.0,280.0,9754,0,0,0,0.027905122583217062,0,Monday,0,4,2023,0,0,,214.65208291807852,75.74025974025975,38.0,157.29159049360146,93.0,2188,1732,77.0,28.0,0.004185768387482559,0.004983057604145904,0.04923260912896153,0.32160653777157666,0.6199920271078334
2023-04-25,11010.0,11010.0,0.0,346.0,10664,0,0,0,0.03142597638510445,1,Tuesday,0,4,2023,0,0,,198.26512261580382,123.1875,48.0,150.97018221976808,102.0,1811,1539,80.0,31.0,0.005267938237965486,0.0014532243415077202,0.04895549500454133,0.3593097184377838,0.5850136239782017
2023-04-26,13151.0,13153.0,2.0,442.0,12711,0,0,0,0.03360450087432525,2,Wednesday,0,4,2023,0,0,,188.1535771306926,91.19101123595506,42.0,150.57084837545128,107.0,2216,1863,89.0,40.0,0.0034212727134494032,0.0017486504979852505,0.05869383410628754,0.3743632631338858,0.561772979548392
2023-04-27,17238.0,17270.0,32.0,487.0,16783,0,0,0,0.02819918934568616,3,Thursday,0,4,2023,0,0,,205.48297625940938,100.37614678899082,48.0,167.4890829694323,121.0,2748,2207,109.0,38.0,0.006079907353792704,0.0011580775911986102,0.051071221771858716,0.3555298204979734,0.5861609727851766
2023-04-28,32389.0,32389.0,0.0,733.0,31656,0,0,0,0.022631140201920405,4,Friday,0,4,2023,0,0,,236.4497823335083,150.7718120805369,69.0,182.90725730442978,119.0,5305,3691,149.0,46.0,0.0032109666862206307,0.0008644910309055544,0.0662570625829757,0.36225261662910246,0.5674148630707957
2023-04-29,19361.0,19379.0,18.0,548.0,18831,0,0,0,0.02827803292223541,5,Saturday,1,4,2023,0,0,,216.13648795087465,93.42944785276073,23.0,173.9527368652451,97.0,4549,3096,163.0,41.0,0.00608906548325507,0.0023221012436142217,0.06512203932091438,0.3599772950100624,0.5664894989421538
2023-04-30,21934.0,21969.0,35.0,633.0,21336,0,0,0,0.028813327871091084,6,Sunday,1,4,2023,0,0,,224.7547908416405,104.50574712643679,47.0,180.996828543112,104.0,5045,3428,174.0,44.0,0.004642905912877236,0.0021393782147571577,0.06582001911784788,0.3743001502116619,0.5530975465428558
2023-05-01,10914.0,10922.0,8.0,349.0,10573,0,0,0,0.03195385460538363,0,Monday,0,5,2023,0,0,,151.59229078923275,76.85714285714286,22.0,139.24727954971857,79.0,2665,2001,105.0,25.0,0.007965574070683025,0.004394799487273393,0.06299212598425197,0.3480131843984618,0.5766343160593298
2023-05-02,14486.0,14497.0,11.0,320.0,14177,0,0,0,0.022073532454990687,1,Tuesday,0,5,2023,0,0,,160.638132027316,70.61320754716981,22.0,141.19191327278054,94.0,3413,2582,106.0,37.0,0.006070221425122439,0.0015175553562806097,0.052010760847071805,0.32786093674553357,0.6125405256259916
2023-05-03,17933.0,17938.0,5.0,533.0,17405,0,0,0,0.02971345746460029,2,Wednesday,0,5,2023,0,0,,188.75443193221096,116.77464788732394,31.0,156.22043861632378,92.0,4423,2963,142.0,35.0,0.006633961422678114,0.004905786598282975,0.05530159438064444,0.3689374512208719,0.5642212063775226
2023-05-04,16253.0,16267.0,14.0,444.0,15823,0,0,0,0.02729452265322432,3,Thursday,0,5,2023,0,0,,154.67148214175938,67.08823529411765,6.5,135.08412618928392,76.0,3994,2762,136.0,32.0,0.010266183070019056,0.004303190508391222,0.05415872625560952,0.34314870596914,0.5881231941968402
2023-05-05,9322.0,9322.0,0.0,254.0,9068,0,0,0,0.02724737180862476,4,Friday,0,5,2023,1,0,Buddha Purnima,144.4886290495602,74.48717948717949,20.5,127.50250208507089,75.0,2398,1844,78.0,23.0,0.006972752628191375,0.003861832224844454,0.050525638275048274,0.3199957090753057,0.6186440677966102
2023-05-06,13774.0,13787.0,13.0,423.0,13364,0,0,0,0.030681076376296513,5,Saturday,1,5,2023,0,0,,188.81453543192862,96.64227642276423,42.0,150.25649566955363,99.0,3002,2393,123.0,41.0,0.002393559149923841,0.0010879814317835642,0.06201494161166316,0.364473779647494,0.5700297381591354
2023-05-07,16981.0,16993.0,12.0,553.0,16440,0,0,0,0.03254281174601306,6,Sunday,1,5,2023,0,0,,192.65933031248161,107.07801418439716,23.0,154.63493333333332,97.0,3750,2819,141.0,41.0,0.0023539104337079973,0.0014123462602247984,0.06326134290590243,0.3660330724415936,0.5669393279585712
2023-05-08,8918.0,8918.0,0.0,318.0,8600,0,0,0,0.035658219331688716,0,Monday,0,5,2023,0,0,,186.50112132765193,71.88235294117646,6.0,150.2156862745098,86.0,1938,1531,85.0,27.0,0.004148912312177618,0.0037003812514016595,0.054384391119084996,0.3162143978470509,0.6215519174702848
2023-05-09,6584.0,6589.0,5.0,202.0,6387,0,0,0,0.030657155865837,1,Tuesday,0,5,2023,0,0,,202.18864774624373,122.02272727272727,29.5,159.60596026490066,100.0,1208,1071,44.0,25.0,0.005463651540446198,0.0012141447867658219,0.05478828350280771,0.35483381393231145,0.5837001062376689
2023-05-10,7148.0,7151.0,3.0,129.0,7022,0,0,0,0.018039435044049784,2,Wednesday,0,5,2023,0,0,,185.06432666759895,83.11904761904762,15.0,153.4676056338028,92.0,1420,1241,42.0,22.0,0.0019577681443154805,0.0,0.062368899454621735,0.36008949797231155,0.5755838344287513
2023-05-11,9058.0,9060.0,2.0,252.0,8808,0,0,0,0.02781456953642384,3,Thursday,0,5,2023,0,0,,194.5222958057395,89.4,28.5,152.95043227665707,92.0,1735,1480,50.0,22.0,0.0033112582781456954,0.0005518763796909492,0.053752759381898454,0.36964679911699777,0.5727373068432671
2023-05-12,9595.0,9632.0,37.0,269.0,9363,0,0,0,0.027927740863787374,4,Friday,0,5,2023,0,0,,200.2839493355482,87.64150943396227,29.0,155.17834757834757,80.0,1755,1507,53.0,28.0,0.0030107973421926912,0.002180232558139535,0.07132475083056479,0.3492524916943522,0.5742317275747508
2023-05-13,27451.0,27460.0,9.0,375.0,27085,0,0,0,0.013656227239621267,5,Saturday,1,5,2023,0,0,,234.83587035688274,132.53932584269663,48.0,174.0567043274355,94.0,4691,3395,89.0,25.0,0.004406409322651129,0.0014202476329206119,0.05091041514930809,0.36908230152949745,0.5741806263656227
2023-05-14,23209.0,23233.0,24.0,426.0,22807,0,0,0,0.018335987603839365,6,Sunday,1,5,2023,0,0,,241.6239400852236,121.92156862745098,25.5,180.2645777132185,104.0,4819,3335,102.0,23.0,0.0066715447854345114,0.0018938578745749581,0.06193776094348556,0.37296087461800026,0.5565359617785047
2023-05-15,9337.0,9337.0,0.0,192.0,9145,0,0,0,0.02056335011245582,0,Monday,0,5,2023,0,0,,192.6052265181536,88.13461538461539,24.5,154.46732186732186,94.0,2035,1639,52.0,13.0,0.005997643782799615,0.0002142015636714148,0.061904251901038876,0.34229409874692085,0.5895898040055693
2023-05-16,7024.0,7026.0,2.0,103.0,6923,0,0,0,0.01465983489894677,1,Tuesday,0,5,2023,0,0,,174.54867634500428,51.473684210526315,2.0,146.84199134199133,96.0,1386,1200,19.0,11.0,0.00412752633077142,0.0002846569883290635,0.05792769712496442,0.3390264730999146,0.5986336464560205
2023-05-17,8075.0,8079.0,4.0,143.0,7936,0,0,0,0.01770021042208194,2,Wednesday,0,5,2023,0,0,,191.8278252258943,72.48484848484848,31.0,144.91167574107683,97.0,1653,1422,33.0,17.0,0.0060651070677064,0.0004951107810372571,0.06721128852580766,0.3510335437554153,0.5751949498700334
2023-05-18,11393.0,11401.0,8.0,154.0,11247,0,0,0,0.013507587053767213,3,Thursday,0,5,2023,0,0,,204.27962459433382,105.725,23.5,155.00313199105145,96.0,2235,1802,40.0,16.0,0.005438119463204982,0.0007016928339619331,0.06525743355845978,0.3348829050083326,0.5937198491360407
2023-05-19,11332.0,11334.0,2.0,214.0,11120,0,0,0,0.01888124227986589,4,Friday,0,5,2023,0,0,,184.69895888477149,101.0,29.0,147.22748815165878,79.0,2110,1758,41.0,21.0,0.0044115052055761425,0.0022057526027880713,0.05664372683959767,0.38124227986589027,0.5554967354861479
2023-05-20,28220.0,28242.0,22.0,373.0,27869,0,0,0,0.013207279937681468,5,Saturday,1,5,2023,0,0,,221.90892996246725,118.26315789473684,20.5,168.57925407925407,98.0,5148,3595,76.0,22.0,0.0037532752637915163,0.001133064230578571,0.07226825295658948,0.3543658381134481,0.5684795694355924
2023-05-21,23948.0,23968.0,20.0,496.0,23472,0,0,0,0.02069425901201602,6,Sunday,1,5,2023,0,0,,238.7933494659546,106.7,44.0,178.26779727864326,114.0,5071,3521,110.0,25.0,0.0033377837116154874,0.0009596128170894526,0.07051068090787717,0.3769192256341789,0.548272696929239
2023-05-22,9948.0,9948.0,0.0,214.0,9734,0,0,0,0.021511861680739847,0,Monday,0,5,2023,0,0,,230.46170084439083,99.61224489795919,45.0,170.1183844011142,99.0,2154,1678,49.0,13.0,0.008946521913952553,0.0,0.05739847205468436,0.354443104141536,0.5792119018898271
2023-05-23,6889.0,6891.0,2.0,83.0,6808,0,0,0,0.012044695980264112,1,Tuesday,0,5,2023,0,0,,180.04846901755914,101.33333333333333,25.0,148.46456692913387,96.0,1397,1227,21.0,14.0,0.00043535045711797995,0.00261210274270788,0.06094906399651719,0.38368886953997966,0.5523146132636773
2023-05-24,8194.0,8198.0,4.0,166.0,8032,0,0,0,0.0202488411807758,2,Wednesday,0,5,2023,0,0,,180.17199316906562,81.39024390243902,4.0,147.40951821386605,100.5,1702,1441,41.0,18.0,0.005245181751646743,0.001341790680653818,0.06965113442303,0.3202000487923884,0.603561844352281
2023-05-25,12650.0,12650.0,0.0,248.0,12402,0,0,0,0.019604743083003952,3,Thursday,0,5,2023,0,0,,195.56482213438736,103.04081632653062,43.0,154.1091758708581,104.0,2354,1957,49.0,17.0,0.003794466403162055,0.0003952569169960474,0.07233201581027668,0.3689328063241107,0.5545454545454546
2023-05-26,12182.0,12182.0,0.0,126.0,12056,0,0,0,0.010343129207026762,4,Friday,0,5,2023,0,0,,192.12001313413234,74.73684210526316,44.5,156.15055603079554,97.0,2338,1908,38.0,18.0,0.0015596782137580036,0.0,0.0631259234936792,0.3575767525857823,0.5777376457067805
2023-05-27,31109.0,31120.0,11.0,329.0,30791,0,0,0,0.010571979434447301,5,Saturday,1,5,2023,0,0,,221.865970437018,127.70731707317073,49.5,176.0028596961573,102.0,5595,3794,82.0,19.0,0.004305912596401029,0.00032133676092544985,0.06018637532133676,0.3818123393316195,0.5533740359897172
2023-05-28,26871.0,26899.0,28.0,358.0,26541,0,0,0,0.01330904494590877,6,Sunday,1,5,2023,0,0,,269.14379716718094,134.85,26.0,189.1049665375132,115.0,5678,3700,80.0,18.0,0.00509312613851816,0.0018588051600431242,0.059779173946986876,0.3621324212796015,0.5711364734748504
2023-05-29,11044.0,11044.0,0.0,76.0,10968,0,0,0,0.006881564650488953,0,Monday,0,5,2023,0,0,,206.3758601955813,52.68181818181818,3.5,160.95057791948983,95.0,2509,1904,22.0,8.0,0.00733429916696849,0.0,0.07759869612459254,0.3263310394784498,0.5887359652299892
2023-05-30,8603.0,8607.0,4.0,128.0,8479,0,0,0,0.014871616126408737,1,Tuesday,0,5,2023,0,0,,191.5840594864645,100.86363636363636,93.5,162.2109181141439,99.0,1612,1374,22.0,11.0,0.003601719530614616,0.003136981526664343,0.04449866387823864,0.36400604159405137,0.5847565934704311
2023-05-31,9083.0,9083.0,0.0,135.0,8948,0,0,0,0.014862930749752284,2,Wednesday,0,5,2023,0,0,,205.57481008477376,99.91666666666667,107.5,161.14888888888888,104.0,1800,1513,24.0,13.0,0.0015413409666409777,0.0011009578333149841,0.04899262358251679,0.37465595067708907,0.5737091269404382
2023-06-01,8241.0,8241.0,0.0,122.0,8119,0,0,0,0.014804028637301299,3,Thursday,0,6,2023,0,0,,157.255672855236,98.28,22.0,132.77161997563945,76.0,1642,1408,25.0,11.0,0.002062856449460017,0.0,0.07377745419245237,0.33539618978279334,0.5887634995752943
2023-06-02,7993.0,8001.0,8.0,152.0,7849,0,0,0,0.018997625296837895,4,Friday,0,6,2023,0,0,,163.49081364829397,78.88235294117646,26.0,132.17445482866043,75.0,1605,1375,34.0,14.0,0.002499687539057618,0.00024996875390576176,0.05236845394325709,0.3429571303587052,0.6019247594050744
2023-06-03,23008.0,23025.0,17.0,196.0,22829,0,0,0,0.008512486427795875,5,Saturday,1,6,2023,0,0,,192.68946796959827,103.23404255319149,28.0,153.86313909354766,94.0,4479,3274,47.0,15.0,0.00499457111834962,0.0001737242128121607,0.0588056460369164,0.3627361563517915,0.5732899022801303
2023-06-04,21749.0,21765.0,16.0,333.0,21432,0,0,0,0.015299793246037216,6,Sunday,1,6,2023,0,0,,230.66060188375832,133.35294117647058,62.5,170.57496796240923,99.0,4682,3224,68.0,18.0,0.005651274982770503,0.0021594302779692166,0.06997473007121525,0.35538708936365726,0.5668274753043878
2023-06-05,9530.0,9530.0,0.0,89.0,9441,0,0,0,0.009338929695697797,0,Monday,0,6,2023,0,0,,197.6535152151102,40.3,28.0,141.44379562043795,82.0,2055,1611,30.0,7.0,0.003777544596012592,0.0,0.06054564533053515,0.3279118572927597,0.6077649527806925
2023-06-06,6551.0,6551.0,0.0,115.0,6436,0,0,0,0.017554571821096016,1,Tuesday,0,6,2023,0,0,,154.6640207601893,79.77272727272727,4.0,134.99540581929557,88.0,1306,1147,22.0,12.0,0.0022897267592733935,0.0019844298580369408,0.05403755151885208,0.3127766753167455,0.628911616547092
2023-06-07,7542.0,7544.0,2.0,145.0,7399,0,0,0,0.019220572640509012,2,Wednesday,0,6,2023,0,0,,170.42298515376459,73.68571428571428,19.0,134.22317880794702,93.5,1510,1317,35.0,13.0,0.0011930010604453872,0.00039766702014846237,0.061638388123011666,0.3507423117709438,0.5860286320254506
2023-06-08,10473.0,10473.0,0.0,126.0,10347,0,0,0,0.012030936694356918,3,Thursday,0,6,2023,0,0,,187.45306979852955,79.33333333333333,52.0,142.9921875,95.0,2048,1702,30.0,12.0,0.007352239090995894,0.0002864508736751647,0.064928864699704,0.3173875680320825,0.6100448773035424
2023-06-09,9650.0,9654.0,4.0,149.0,9505,0,0,0,0.015434016987777088,4,Friday,0,6,2023,0,0,,175.77284027346178,76.94117647058823,26.0,142.8211382113821,80.5,1968,1677,34.0,12.0,0.007043712450797597,0.001243008079552517,0.06463642013673089,0.3167598922726331,0.6103169670602859
2023-06-10,27547.0,27564.0,17.0,280.0,27284,0,0,0,0.010158177332752866,5,Saturday,1,6,2023,0,0,,215.7443041648527,87.01724137931035,22.0,163.31240629685158,99.0,5336,3715,58.0,15.0,0.0028297779712668698,0.0015962850094325932,0.07284864315774198,0.3721520824263532,0.5505732114352053
2023-06-11,25414.0,25423.0,9.0,228.0,25195,0,0,0,0.008968257090036581,6,Sunday,1,6,2023,0,0,,230.52487904653267,113.16,5.5,175.30133849947165,107.0,5678,3720,50.0,14.0,0.003736773787515242,0.0019273885851394407,0.06592455650395311,0.3571962396255359,0.5712150414978563
2023-06-12,10531.0,10531.0,0.0,145.0,10386,0,0,0,0.013768872851581047,0,Monday,0,6,2023,0,0,,180.47725762035893,49.8125,4.0,148.85788336933047,94.0,2315,1768,32.0,6.0,0.0075016617605165705,0.004273098471180325,0.06115278700978065,0.3126008926027918,0.6144715601557307
2023-06-13,6734.0,6738.0,4.0,76.0,6662,0,0,0,0.011279311368358563,1,Tuesday,0,6,2023,0,0,,179.26357969723955,247.52941176470588,99.0,147.49964209019328,97.0,1397,1216,17.0,9.0,0.0020777678836449986,0.0,0.06470762837637281,0.3414959928762244,0.5917186108637578
2023-06-14,7801.0,7801.0,0.0,72.0,7729,0,0,0,0.009229585950519164,2,Wednesday,0,6,2023,0,0,,176.00076913216253,39.5,2.0,142.31823671497585,95.0,1656,1426,16.0,7.0,0.00410203820023074,0.0025637738751442124,0.04550698628380977,0.3686706832457377,0.5791565183950775
2023-06-15,11206.0,11206.0,0.0,106.0,11100,0,0,0,0.009459218275923612,3,Thursday,0,6,2023,0,0,,188.41959664465466,120.80952380952381,46.0,148.1352297592998,95.0,2285,1907,21.0,10.0,0.004194181688381224,0.0,0.047831518829198644,0.3554345886132429,0.5925397108691772
2023-06-16,11441.0,11449.0,8.0,175.0,11274,0,0,0,0.015285177744781204,4,Friday,0,6,2023,0,0,,192.16123678923924,150.6060606060606,45.0,152.81356673960613,90.0,2285,1889,33.0,16.0,0.0031443794217835617,0.000524063236963927,0.06882697178792907,0.35417940431478734,0.5733251812385362
2023-06-17,29830.0,29840.0,10.0,303.0,29537,0,0,0,0.010154155495978553,5,Saturday,1,6,2023,0,0,,216.46323726541556,122.9375,25.5,171.1295149638803,100.0,5814,3928,64.0,18.0,0.00445710455764075,0.0014075067024128685,0.0626005361930295,0.37131367292225204,0.5602211796246649
2023-06-18,27897.0,27903.0,6.0,218.0,27685,0,0,0,0.007812779987814931,6,Sunday,1,6,2023,0,0,,246.799770633982,113.69354838709677,58.5,191.38565455130268,116.0,6218,3945,62.0,13.0,0.004838189441995484,0.0003942228434218543,0.06372074687309608,0.3510016844066946,0.5800451564347919
2023-06-19,13231.0,13236.0,5.0,205.0,13031,0,0,0,0.01548806285886975,0,Monday,0,6,2023,0,0,,221.4687216681777,98.15384615384616,2.0,165.49388753056235,95.0,2863,2039,39.0,9.0,0.004533091568449683,0.0037775763070414022,0.05696585071018435,0.300090661831369,0.6346328195829556
2023-06-20,7790.0,7790.0,0.0,65.0,7725,0,0,0,0.00834403080872914,1,Tuesday,0,6,2023,0,0,,187.64415917843388,133.6153846153846,72.0,150.33354430379748,99.0,1580,1333,13.0,6.0,0.0015404364569961489,0.0,0.06777920410783055,0.30770218228498075,0.6229781771501925
2023-06-21,9422.0,9424.0,2.0,68.0,9356,0,0,0,0.007215619694397283,2,Wednesday,0,6,2023,0,0,,186.02578522920203,99.83333333333333,4.5,153.55091103965702,101.0,1866,1572,18.0,9.0,0.0013794567062818336,0.0,0.0481748726655348,0.3761672325976231,0.5742784380305602
2023-06-22,12380.0,12385.0,5.0,142.0,12243,0,0,0,0.011465482438433589,3,Thursday,0,6,2023,0,0,,198.88744448930157,135.0,49.0,159.14588528678306,113.0,2406,1967,23.0,8.0,0.0019378280177634235,0.0,0.06984255147355672,0.35405732741219215,0.5741622930964877
2023-06-23,12890.0,12908.0,18.0,90.0,12818,0,0,0,0.006972420204524326,4,Friday,0,6,2023,0,0,,210.50728230554694,47.22727272727273,38.0,162.56399496433067,94.0,2383,1957,22.0,9.0,0.0017818407189339944,0.00046482801363495507,0.04965912612333437,0.3875890920359467,0.56050511310815
2023-06-24,38575.0,38581.0,6.0,243.0,38338,0,0,0,0.006298437054508696,5,Saturday,1,6,2023,0,0,,240.81809699074674,128.9795918367347,44.0,182.05715551617192,101.0,6771,4333,49.0,11.0,0.00500246235193489,0.0,0.06954200254011042,0.37974650734817655,0.5457090277597781
2023-06-25,30659.0,30672.0,13.0,309.0,30363,0,0,0,0.01007433489827856,6,Sunday,1,6,2023,0,0,,270.7585419926969,220.35294117647058,71.0,201.48393939393938,116.0,6600,4165,51.0,12.0,0.002999478351591028,0.0019561815336463224,0.06298904538341157,0.37689097548252476,0.5551643192488263
2023-06-26,12703.0,12705.0,2.0,85.0,12620,0,0,0,0.006690279417552145,0,Monday,0,6,2023,0,0,,219.42660369933097,94.72,7.0,169.63146853146853,96.5,2860,2062,25.0,7.0,0.007713498622589532,0.0,0.06084218811491539,0.32987012987012987,0.6015741833923652
2023-06-27,9899.0,9899.0,0.0,33.0,9866,0,0,0,0.0033336700676836043,1,Tuesday,0,6,2023,0,0,,203.10344479240328,54.5,25.5,159.7426431246656,107.0,1869,1578,4.0,3.0,0.003535710677846247,0.0,0.057278512981109204,0.362460854631781,0.5767249217092636
2023-06-28,11699.0,11702.0,3.0,97.0,11605,0,0,0,0.008289181336523671,2,Wednesday,0,6,2023,0,0,,212.79217227824304,109.91666666666667,23.0,161.45680147058823,105.0,2176,1788,24.0,8.0,0.0009400102546573236,0.0003418219107844813,0.07050076909929927,0.33105452059477014,0.5971628781404889
2023-06-29,15386.0,15390.0,4.0,114.0,15276,0,0,0,0.007407407407407408,3,Thursday,0,6,2023,1,1,Eid al-Adha,215.6127355425601,50.333333333333336,21.0,165.2803872355683,115.0,2789,2200,33.0,11.0,0.006432748538011696,0.0001299545159194282,0.061533463287849255,0.358414554905783,0.5734892787524366
2023-06-30,13344.0,13356.0,12.0,109.0,13247,0,0,0,0.008161126085654388,4,Friday,0,6,2023,0,0,,195.92100928421684,76.16666666666667,47.5,157.84971796937953,83.0,2482,2019,24.0,10.0,0.0032943995208146153,0.0009733453129679545,0.07681940700808626,0.3379005690326445,0.5810122791254867
2023-07-01,26159.0,26176.0,17.0,465.0,25711,0,0,0,0.017764364303178484,5,Saturday,1,7,2023,0,0,,202.66400519559903,106.75862068965517,50.0,161.02986312733304,94.0,4822,3439,87.0,29.0,0.004125916870415648,0.0027506112469437654,0.0617359413202934,0.3578850855745721,0.573502444987775
2023-07-02,23440.0,23449.0,9.0,385.0,23064,0,0,0,0.01641861060173142,6,Sunday,1,7,2023,0,0,,229.19604247515886,138.33333333333334,30.0,167.41531179254991,97.0,4859,3376,111.0,30.0,0.004563094375026654,0.0010234978037442961,0.07590942044436863,0.35050535204059874,0.5679986353362617
2023-07-03,9189.0,9191.0,2.0,194.0,8997,0,0,0,0.021107605266021106,0,Monday,0,7,2023,0,0,,167.56479164399957,105.67567567567568,5.0,133.76904532304727,78.5,2074,1644,37.0,14.0,0.004134479382004135,0.004352083560004352,0.04906974213904907,0.33054074638233055,0.6119029485366119
2023-07-04,6703.0,6703.0,0.0,81.0,6622,0,0,0,0.012084141429210802,1,Tuesday,0,7,2023,0,0,,159.86155452782336,49.05263157894737,5.0,123.40694980694981,78.0,1295,1148,19.0,10.0,0.0038788602118454423,0.001491869312248247,0.054453229897061015,0.3555124571087573,0.5846635834700881
2023-07-05,7600.0,7610.0,10.0,117.0,7493,0,0,0,0.015374507227332457,2,Wednesday,0,7,2023,0,0,,184.30880420499344,38.357142857142854,5.5,134.69744597249507,92.0,1527,1319,28.0,12.0,0.005387647831800263,0.0,0.04507227332457293,0.40867279894875164,0.5408672798948752
2023-07-06,10563.0,10565.0,2.0,132.0,10433,0,0,0,0.012494084240416469,3,Thursday,0,7,2023,0,0,,159.55456696639848,92.46341463414635,29.0,133.2085635359116,78.5,2172,1818,41.0,18.0,0.00416469474680549,0.0013251301467108376,0.08225272124940843,0.34301940369143397,0.5692380501656412
2023-07-07,9681.0,9684.0,3.0,169.0,9515,0,0,0,0.0174514663362247,4,Friday,0,7,2023,0,0,,163.461482858323,78.42857142857143,24.5,139.1764705882353,78.0,2023,1693,42.0,16.0,0.004337050805452293,0.0,0.05338703015282941,0.3551218504750103,0.5871540685667079
2023-07-08,28919.0,28964.0,45.0,375.0,28589,0,0,0,0.012947106753210882,5,Saturday,1,7,2023,0,0,,206.32436818119044,112.20879120879121,33.0,162.18550882941926,96.0,5493,3792,91.0,26.0,0.0036942411269161716,0.0005178842701284353,0.07139897804170695,0.36376191133821295,0.5606269852230354
2023-07-09,26960.0,26973.0,13.0,405.0,26568,0,0,0,0.015015015015015015,6,Sunday,1,7,2023,0,0,,235.80350721091463,113.52678571428571,46.0,170.79396628216503,101.0,5635,3749,112.0,28.0,0.0032995958921884848,0.0024468913357802245,0.06591776962147332,0.3520186853520187,0.5763170577985393
2023-07-10,9856.0,9862.0,6.0,106.0,9756,0,0,0,0.010748326911377002,0,Monday,0,7,2023,0,0,,189.63404988846077,57.94285714285714,25.0,145.53964082347787,91.0,2283,1778,35.0,12.0,0.005171364834719124,0.0012167917258162643,0.07280470492800649,0.2945649969580207,0.6262421415534374
2023-07-11,7966.0,7966.0,0.0,100.0,7866,0,0,0,0.012553351744915892,1,Tuesday,0,7,2023,0,0,,171.83040421792617,90.85185185185185,8.0,137.64686684073106,96.0,1532,1333,27.0,13.0,0.00815967863419533,0.0003766005523474768,0.06226462465478283,0.335676625659051,0.5935224704996234
2023-07-12,8322.0,8322.0,0.0,135.0,8187,0,0,0,0.016222062004325882,2,Wednesday,0,7,2023,0,0,,175.86926219658736,44.5,4.5,137.72222222222223,98.0,1728,1475,36.0,12.0,0.0016822879115597211,0.0,0.07101658255227108,0.3520788272049988,0.5752223023311704
2023-07-13,12203.0,12207.0,4.0,164.0,12043,0,0,0,0.013434914393380848,3,Thursday,0,7,2023,0,0,,193.63987875808962,121.28571428571429,25.5,139.26493848857646,89.0,2276,1864,42.0,14.0,0.0025395265011878432,0.00040960104857868437,0.0733185876955845,0.3732284754648972,0.5505038092897517
2023-07-14,12294.0,12313.0,19.0,117.0,12196,0,0,0,0.009502152196865102,4,Friday,0,7,2023,0,0,,190.25850726874035,113.53571428571429,22.5,148.79163108454313,92.0,2342,1923,28.0,13.0,0.003898318849995939,0.0,0.06846422480305368,0.34386420856005845,0.5837732477868919
2023-07-15,30460.0,30464.0,4.0,310.0,30154,0,0,0,0.01017594537815126,5,Saturday,1,7,2023,0,0,,225.25745141806723,110.93846153846154,45.0,172.33170561562608,99.0,5734,3905,65.0,17.0,0.0027573529411764708,0.00032825630252100843,0.0702140231092437,0.3743763130252101,0.5523240546218487
2023-07-16,25836.0,25853.0,17.0,331.0,25522,0,0,0,0.012803156306811588,6,Sunday,1,7,2023,0,0,,246.76942714578578,121.76666666666667,67.0,179.82125350140055,108.0,5712,3769,90.0,20.0,0.0034038602870073106,0.0006575639190809577,0.06892817081189805,0.36823579468533635,0.5587746102966774
2023-07-17,17839.0,17849.0,10.0,274.0,17575,0,0,0,0.015351000056025547,0,Monday,0,7,2023,0,0,,208.09104151493082,101.05454545454545,88.0,156.46567534076829,93.0,4035,2816,55.0,12.0,0.0042019160737296205,0.0002241021905989131,0.06667040170317665,0.3424281472351392,0.5864754327973556
2023-07-18,8686.0,8686.0,0.0,126.0,8560,0,0,0,0.014506101772967994,1,Tuesday,0,7,2023,0,0,,158.3522910430578,118.04,51.0,134.43973941368077,82.0,2149,1692,25.0,7.0,0.0035689615473175223,0.0,0.06734975823163712,0.313953488372093,0.6151277918489524
2023-07-19,9180.0,9182.0,2.0,31.0,9151,0,0,0,0.0033761707688956654,2,Wednesday,0,7,2023,0,0,,183.60150294053582,31.545454545454547,3.0,152.37312633832977,108.0,1868,1605,11.0,4.0,0.0021781746896101066,0.0,0.05881071661947288,0.357111740361577,0.58189936832934
2023-07-20,13083.0,13083.0,0.0,87.0,12996,0,0,0,0.006649850951616602,3,Thursday,0,7,2023,0,0,,185.08002751662463,164.375,144.5,151.32349373230895,107.0,2473,2029,16.0,8.0,0.004738974241381946,0.002445922189100359,0.05465107391271115,0.3588626461820683,0.5793013834747383
2023-07-21,13019.0,13019.0,0.0,52.0,12967,0,0,0,0.003994162378062831,4,Friday,0,7,2023,0,0,,196.93755280743528,105.63157894736842,47.0,156.53022875816993,96.0,2448,1997,19.0,5.0,0.0043014056379138185,0.0,0.05538059758814041,0.36707888470696676,0.5732391120669791
2023-07-22,33482.0,33482.0,0.0,105.0,33377,0,0,0,0.003136013380323756,5,Saturday,1,7,2023,0,0,,241.0247297055134,158.1,71.0,184.53290021655837,104.0,6003,4015,20.0,6.0,0.003524281703601935,0.0004480019114748223,0.07813153336120901,0.3565199211516636,0.5613762618720507
2023-07-23,25706.0,25720.0,14.0,218.0,25502,0,0,0,0.008475894245723172,6,Sunday,1,7,2023,0,0,,289.2291213063764,146.5,95.0,201.57334326135518,107.0,5372,3544,32.0,8.0,0.003965785381026438,0.002838258164852255,0.06788491446345257,0.344945567651633,0.5803654743390357
2023-07-24,10517.0,10519.0,2.0,64.0,10455,0,0,0,0.00608422853883449,0,Monday,0,7,2023,0,0,,215.411065690655,165.71428571428572,73.0,161.9816192560175,92.0,2285,1789,7.0,5.0,0.00608422853883449,0.0001901321418385778,0.07804924422473619,0.32436543397661377,0.591310961117977
2023-07-25,9545.0,9545.0,0.0,46.0,9499,0,0,0,0.004819277108433735,1,Tuesday,0,7,2023,0,0,,207.8862231534835,94.25,42.0,161.02155887230515,97.0,1809,1522,4.0,3.0,0.0056574122577265585,0.0,0.0570979570455736,0.3512833944473546,0.5859612362493452
2023-07-26,11322.0,11322.0,0.0,8.0,11314,0,0,0,0.0007065889418830596,2,Wednesday,0,7,2023,0,0,,209.48145204027557,61.333333333333336,20.0,165.44690674053555,108.0,2166,1799,3.0,1.0,0.003003003003003003,0.0,0.05555555555555555,0.36398162868751105,0.5774598127539304
2023-07-27,14607.0,14607.0,0.0,0.0,14607,1,0,0,0.0,3,Thursday,0,7,2023,0,0,,208.005408365852,,,162.77396280400572,99.0,2796,2214,0.0,0.0,0.004586841925104402,0.0,0.05250907099335935,0.3276511261723831,0.6152529609091532
2023-07-28,14163.0,14163.0,0.0,0.0,14163,1,0,0,0.0,4,Friday,0,7,2023,0,0,,209.98665536962508,,,164.0693210095983,92.0,2813,2250,0.0,0.0,0.004448210124973522,0.0,0.07773776742215632,0.3385582150674292,0.5792558073854409
2023-07-29,35176.0,35176.0,0.0,0.0,35176,1,0,0,0.0,5,Saturday,1,7,2023,1,0,Muharram,248.56163293154424,,,190.33717712177122,103.0,6504,4257,0.0,0.0,0.003724130088696839,0.0,0.07163975437798499,0.38873095292244714,0.5359051626108711
2023-07-30,25887.0,25887.0,0.0,0.0,25887,1,0,0,0.0,6,Sunday,1,7,2023,0,0,,291.62448333140185,,,221.48554613120996,121.0,5777,3705,0.0,0.0,0.004481013636188048,0.0,0.06655850426855178,0.3518754587244563,0.5770850233708039
2023-07-31,11218.0,11218.0,0.0,6.0,11212,0,0,0,0.0005348546978070957,0,Monday,0,7,2023,0,0,,229.33891959351044,0.0,0.0,179.99806351665376,97.0,2582,1921,2.0,1.0,0.004991977179532894,0.0,0.05553574612230344,0.32733107505794257,0.6121412016402211
2023-08-01,7528.0,7528.0,0.0,0.0,7528,1,0,0,0.0,1,Tuesday,0,8,2023,0,0,,185.64572263549417,,,147.3070115724983,93.0,1469,1246,0.0,0.0,0.0037194473963868225,0.0,0.04503188097768331,0.33581296493092455,0.6154357066950054
2023-08-02,8477.0,8477.0,0.0,0.0,8477,1,0,0,0.0,2,Wednesday,0,8,2023,0,0,,168.27934410758522,,,139.7796514896009,95.0,1779,1511,0.0,0.0,0.00495458298926507,0.0,0.04801226849121151,0.36262828830954347,0.58440486020998
2023-08-03,12052.0,12052.0,0.0,0.0,12052,1,0,0,0.0,3,Thursday,0,8,2023,0,0,,178.63640889478924,,,140.95557418273262,83.5,2386,1981,0.0,0.0,0.005310321938267508,0.0,0.06671091934948556,0.36151676070361766,0.5664619980086293
2023-08-04,12077.0,12077.0,0.0,0.0,12077,1,0,0,0.0,4,Friday,0,8,2023,0,0,,182.21362921255277,,,142.08811802232856,79.0,2508,2048,0.0,0.0,0.0017388424277552373,0.0,0.06317794154177361,0.3601059865860727,0.5749772294443984
2023-08-05,28042.0,28042.0,0.0,0.0,28042,1,0,0,0.0,5,Saturday,1,8,2023,0,0,,212.7189929391627,,,160.89810426540285,94.0,5486,3836,0.0,0.0,0.00492118964410527,0.0,0.0636901790171885,0.3788602810070608,0.5525283503316454
2023-08-06,20678.0,20678.0,0.0,0.0,20678,1,0,0,0.0,6,Sunday,1,8,2023,0,0,,260.22081439210757,,,194.7767838568754,114.0,4807,3267,0.0,0.0,0.0029016345874842827,0.0,0.05788761002031144,0.36575103975239387,0.5734597156398105
2023-08-07,9782.0,9782.0,0.0,0.0,9782,1,0,0,0.0,0,Monday,0,8,2023,0,0,,190.2642608873441,,,148.88001726370305,90.0,2317,1819,0.0,0.0,0.0070537722347168265,0.0,0.04620731956655081,0.30924146391331014,0.6374974442854222
2023-08-08,9752.0,9752.0,0.0,0.0,9752,1,0,0,0.0,1,Tuesday,0,8,2023,0,0,,175.31162838392126,,,142.851403678606,95.5,2066,1719,0.0,0.0,0.0036915504511894994,0.0,0.0662428219852338,0.3353158326497129,0.5947497949138638
2023-08-09,11594.0,11594.0,0.0,2.0,11592,0,0,0,0.00017250301880282904,2,Wednesday,0,8,2023,0,0,,172.7622908400897,102.0,102.0,143.94431185361972,97.0,2514,2054,1.0,1.0,0.004398826979472141,0.0,0.06684491978609626,0.35621873382784197,0.5725375194065896
2023-08-10,25329.0,25329.0,0.0,0.0,25329,1,0,0,0.0,3,Thursday,0,8,2023,0,0,,212.24734494058194,,,170.20563012677107,118.0,5364,3638,0.0,0.0,0.004698172055746378,0.0,0.057522997354810694,0.36661534209799046,0.5711634884914525
2023-08-11,14596.0,14596.0,0.0,0.0,14596,1,0,0,0.0,4,Friday,0,8,2023,0,0,,183.06303096738833,,,154.4233859794957,91.0,3609,2532,0.0,0.0,0.006919704028500959,0.0,0.056727870649493015,0.3589339545080844,0.5774184708139216
2023-08-12,20144.0,20144.0,0.0,0.0,20144,1,0,0,0.0,5,Saturday,1,8,2023,0,0,,181.41297656870532,,,152.8954509177973,92.0,5012,3469,0.0,0.0,0.005559968228752979,0.0,0.060861795075456714,0.35797259729944403,0.5756056393963463
2023-08-13,20675.0,20675.0,0.0,0.0,20675,1,0,0,0.0,6,Sunday,1,8,2023,0,0,,207.13247883917776,,,171.21569037656903,96.0,4780,3280,0.0,0.0,0.005126964933494559,0.0,0.04778718258766626,0.3494074969770254,0.5976783555018138
2023-08-14,15983.0,15983.0,0.0,0.0,15983,1,0,0,0.0,0,Monday,0,8,2023,0,0,,219.98548457736345,,,163.5952515545506,84.5,3538,2499,0.0,0.0,0.004004254520427955,0.0,0.04992804855158606,0.34743164612400673,0.5986360508039792
2023-08-15,12723.0,12723.0,0.0,0.0,12723,1,0,0,0.0,1,Tuesday,0,8,2023,1,1,Independence Day,155.43488171028847,,,139.8787313432836,78.0,3216,2355,0.0,0.0,0.003929890749037177,0.0,0.041185255049909615,0.3199717047866069,0.6349131494144463
2023-08-16,10242.0,10242.0,0.0,0.0,10242,1,0,0,0.0,2,Wednesday,0,8,2023,0,0,,160.27924233548134,,,141.08163265306123,80.0,2548,2000,0.0,0.0,0.009470806483108768,0.0,0.048330404217926184,0.3408513962116774,0.6013473930872877
2023-08-17,11689.0,11689.0,0.0,0.0,11689,1,0,0,0.0,3,Thursday,0,8,2023,0,0,,162.86072375737874,,,145.1465038845727,79.0,2703,2142,0.0,0.0,0.002823167080160835,0.0,0.06373513559757037,0.3371545897852682,0.5962871075370006
2023-08-18,11411.0,11411.0,0.0,0.0,11411,1,0,0,0.0,4,Friday,0,8,2023,0,0,,177.68994829550434,,,144.42563903950426,73.0,2582,2085,0.0,0.0,0.007624222241696609,0.0,0.06073087371834195,0.3254754184558759,0.6061694855840856
2023-08-19,23855.0,23855.0,0.0,0.0,23855,1,0,0,0.0,5,Saturday,1,8,2023,0,0,,214.1682246908405,,,167.55549099360837,93.0,5163,3618,0.0,0.0,0.002557115908614546,0.0,0.0648082163068539,0.3667155732550828,0.5659190945294488
2023-08-20,23433.0,23433.0,0.0,0.0,23433,1,0,0,0.0,6,Sunday,1,8,2023,0,0,,246.76242905304485,,,190.39887865438527,101.0,4994,3432,0.0,0.0,0.004694234626381599,0.0,0.06657278197413903,0.36149874109162294,0.5672342423078565
2023-08-21,11055.0,11055.0,0.0,0.0,11055,1,0,0,0.0,0,Monday,0,8,2023,0,0,,204.26901854364542,,,162.14800995024876,93.0,2412,1841,0.0,0.0,0.004975124378109453,0.0,0.053640886476707374,0.3487109905020353,0.5926729986431479
2023-08-22,8463.0,8463.0,0.0,0.0,8463,1,0,0,0.0,1,Tuesday,0,8,2023,0,0,,205.92520382842963,,,158.81897050318102,95.0,1729,1469,0.0,0.0,0.0011816140848398913,0.0,0.05222734254992319,0.32978849107881364,0.6168025522864232
2023-08-23,10406.0,10406.0,0.0,0.0,10406,1,0,0,0.0,2,Wednesday,0,8,2023,0,0,,189.61099365750528,,,153.14667270258036,93.0,2209,1839,0.0,0.0,0.003747837785892754,0.0,0.06342494714587738,0.3476840284451278,0.585143186623102
2023-08-24,12924.0,12924.0,0.0,0.0,12924,1,0,0,0.0,3,Thursday,0,8,2023,0,0,,222.68709377901578,,,163.97559085625727,93.0,2581,2109,0.0,0.0,0.001392757660167131,0.0,0.062287217579696685,0.3826214794181368,0.5536985453419994
2023-08-25,12886.0,12886.0,0.0,0.0,12886,1,0,0,0.0,4,Friday,0,8,2023,0,0,,201.90198665218065,,,157.5715863084284,78.0,2717,2215,0.0,0.0,0.0024833152258264784,0.0,0.05835790780692224,0.363728076982772,0.5754306999844793
2023-08-26,29816.0,29816.0,0.0,0.0,29816,1,0,0,0.0,5,Saturday,1,8,2023,0,0,,232.50670780788838,,,176.22181146025878,96.0,5951,4048,0.0,0.0,0.004024684733029246,0.0,0.0704319828280118,0.3584652535551382,0.5670780788838208
2023-08-27,27114.0,27114.0,0.0,0.0,27114,1,0,0,0.0,6,Sunday,1,8,2023,0,0,,282.95570553957367,,,201.2450829485206,114.0,5847,3839,0.0,0.0,0.00483145238622114,0.0,0.06384155786678469,0.3641661134469278,0.5671608763000664
2023-08-28,12288.0,12288.0,0.0,0.0,12288,1,0,0,0.0,0,Monday,0,8,2023,0,0,,205.32796223958334,,,163.24037423533645,92.0,2779,2098,0.0,0.0,0.00390625,0.0,0.049560546875,0.3243001302083333,0.6222330729166666
2023-08-29,9766.0,9766.0,0.0,0.0,9766,1,0,0,0.0,1,Tuesday,0,8,2023,0,0,,224.9963137415523,,,173.92490118577075,97.0,2024,1663,0.0,0.0,0.0028670899037476962,0.0,0.058365758754863814,0.34568912553757936,0.5930780258038091
2023-08-30,10021.0,10021.0,0.0,0.0,10021,1,0,0,0.0,2,Wednesday,0,8,2023,1,0,Raksha Bandhan,211.51601636563217,,,163.73430656934306,104.0,2055,1699,0.0,0.0,0.0012972757209859295,0.0,0.054884742041712405,0.34228120946013374,0.601536772777168
2023-08-31,13092.0,13092.0,0.0,0.0,13092,1,0,0,0.0,3,Thursday,0,8,2023,0,0,,190.5717231897342,,,153.20613354037266,96.0,2576,2097,0.0,0.0,0.002215093186678888,0.0,0.04941949282004277,0.358997861289337,0.5893675527039414
2023-09-01,8068.0,8068.0,0.0,0.0,8068,1,0,0,0.0,4,Friday,0,9,2023,0,0,,158.57647496281606,,,125.57352112676057,71.0,1775,1508,0.0,0.0,0.0066931085770946955,0.0,0.0673029251363411,0.3496529499256321,0.5763510163609321
2023-09-02,22278.0,22278.0,0.0,0.0,22278,1,0,0,0.0,5,Saturday,1,9,2023,0,0,,191.8894424993267,,,143.30926700418226,81.0,4543,3320,0.0,0.0,0.0034563246251907713,0.0,0.06288715324535415,0.3759762994882844,0.5576802226411707
2023-09-03,21567.0,21567.0,0.0,2.0,21565,0,0,0,9.273426994945982e-05,6,Sunday,1,9,2023,0,0,,205.10882366578568,44.0,44.0,149.45265074868473,93.0,4942,3448,1.0,1.0,0.004404877822599342,0.0,0.06254926508091065,0.36249826123243845,0.5705475958640516
2023-09-04,9629.0,9629.0,0.0,0.0,9629,1,0,0,0.0,0,Monday,0,9,2023,0,0,,164.73465572748987,,,129.7241847826087,76.0,2208,1719,0.0,0.0,0.0025963236057742235,0.0,0.058053795825111644,0.3346141863121819,0.6047356942569322
2023-09-05,6994.0,6998.0,4.0,6.0,6992,0,0,0,0.0008573878250928837,1,Tuesday,0,9,2023,0,0,,162.8208059445556,5.5,5.5,133.3344733242134,82.0,1462,1289,2.0,2.0,0.0012860817376393256,0.0,0.0461560445841669,0.41354672763646755,0.5390111460417262
2023-09-06,8103.0,8103.0,0.0,0.0,8103,1,0,0,0.0,2,Wednesday,0,9,2023,0,0,,143.39540910773786,,,121.74917672886937,80.0,1822,1542,0.0,0.0,0.010860175243736888,0.0,0.06084166358138961,0.33037146735776873,0.5979266938171047
2023-09-07,10852.0,10852.0,0.0,0.0,10852,1,0,0,0.0,3,Thursday,0,9,2023,1,0,Janmashtami,159.06164762255804,,,129.77195945945945,74.0,2368,1946,0.0,0.0,0.003133063029856248,0.0,0.051326944342056764,0.3669369701437523,0.5786030224843347
2023-09-08,11236.0,11236.0,0.0,0.0,11236,1,0,0,0.0,4,Friday,0,9,2023,0,0,,177.1816482734069,,,127.8926116838488,74.0,2328,1905,0.0,0.0,0.008098967604129583,0.0,0.05998576005695977,0.35590957636169457,0.5760056959772161
2023-09-09,26369.0,26369.0,0.0,0.0,26369,1,0,0,0.0,5,Saturday,1,9,2023,0,0,,191.97383290985627,,,146.5920763022744,93.0,5452,3844,0.0,0.0,0.004550798285865979,0.0,0.058326064697182295,0.3793848837650271,0.5577382532519246
2023-09-10,24483.0,24483.0,0.0,0.0,24483,1,0,0,0.0,6,Sunday,1,9,2023,0,0,,232.44234775150105,,,163.95911662712174,99.0,5479,3731,0.0,0.0,0.003921088101948291,0.0,0.06608667238492015,0.3669484948739942,0.5630437446391373
2023-09-11,10544.0,10544.0,0.0,0.0,10544,1,0,0,0.0,0,Monday,0,9,2023,0,0,,174.0983497723824,,,133.78588907014682,76.5,2452,1861,0.0,0.0,0.0018968133535660092,0.0,0.04400606980273141,0.31913884673748105,0.6349582701062215
2023-09-12,8161.0,8161.0,0.0,2.0,8159,0,0,0,0.00024506800637176816,1,Tuesday,0,9,2023,0,0,,161.21124862149247,743.0,743.0,133.53432494279176,92.0,1748,1463,1.0,1.0,0.007842176203896581,0.0,0.056365641465506676,0.35056978311481435,0.5852223992157823
2023-09-13,9627.0,9627.0,0.0,0.0,9627,1,0,0,0.0,2,Wednesday,0,9,2023,0,0,,161.48924898722345,,,133.22668004012036,95.0,1994,1669,0.0,0.0,0.00882933416432949,0.0,0.06533707281603822,0.3614833281396074,0.5643502648800249
2023-09-14,12552.0,12552.0,0.0,0.0,12552,1,0,0,0.0,3,Thursday,0,9,2023,0,0,,168.1554333970682,,,136.7584579071597,78.0,2542,2048,0.0,0.0,0.0058954748247291265,0.0,0.05760038240917782,0.35221478648820903,0.584289356277884
2023-09-15,12662.0,12662.0,0.0,0.0,12662,1,0,0,0.0,4,Friday,0,9,2023,0,0,,183.1681408940136,,,142.24423440453685,77.0,2645,2134,0.0,0.0,0.003632917390617596,0.0,0.05907439583004265,0.36795135049755173,0.5693413362817881
2023-09-16,27181.0,27181.0,0.0,2.0,27179,0,0,0,7.358081012471948e-05,5,Saturday,1,9,2023,0,0,,202.7666752510945,20.0,20.0,160.1002524341868,96.0,5546,3825,1.0,1.0,0.0033111364556123765,0.0,0.06592840587174865,0.3626062322946176,0.5681542253780214
2023-09-17,23762.0,23762.0,0.0,0.0,23762,1,0,0,0.0,6,Sunday,1,9,2023,0,0,,220.37130712902953,,,171.30627038782168,102.0,5518,3732,0.0,0.0,0.005344667957242657,0.0,0.057065903543472775,0.3767780489857756,0.560811379513509
2023-09-18,19356.0,19356.0,0.0,0.0,19356,1,0,0,0.0,0,Monday,0,9,2023,0,0,,213.15545567265963,,,158.14759647935003,93.0,4431,3056,0.0,0.0,0.007077908658813805,0.0,0.07098574085554867,0.3375180822483984,0.5844182682372391
2023-09-19,10181.0,10181.0,0.0,0.0,10181,1,0,0,0.0,1,Tuesday,0,9,2023,1,0,Ganesh Chaturthi,188.58746685001472,,,140.7896907216495,76.0,2425,1879,0.0,0.0,0.0047146645712601905,0.0,0.05549553089087516,0.324231411452706,0.6155583930851586
2023-09-20,9945.0,9945.0,0.0,0.0,9945,1,0,0,0.0,2,Wednesday,0,9,2023,0,0,,175.36892911010557,,,149.8111753371869,105.0,2076,1726,0.0,0.0,0.004725992961287079,0.0,0.059326294620412265,0.3446958270487682,0.5912518853695324
2023-09-21,23602.0,23602.0,0.0,0.0,23602,1,0,0,0.0,3,Thursday,0,9,2023,0,0,,214.40632149817813,,,172.07576409814894,126.0,4646,3329,0.0,0.0,0.002754003897974748,0.0,0.055291924413185325,0.3633590373697144,0.5785950343191255
2023-09-22,11241.0,11241.0,0.0,0.0,11241,1,0,0,0.0,4,Friday,0,9,2023,0,0,,181.1966017258251,,,149.7704918032787,79.0,2745,2096,0.0,0.0,0.007205764611689352,0.0,0.05693443643803932,0.34320789965305576,0.5926518992972155
2023-09-23,23653.0,23653.0,0.0,0.0,23653,1,0,0,0.0,5,Saturday,1,9,2023,0,0,,204.8218830592314,,,165.60844567803332,95.0,5044,3595,0.0,0.0,0.005284741893205936,0.0,0.0630364013021604,0.36354796431742276,0.5681308924872109
2023-09-24,28149.0,28149.0,0.0,0.0,28149,1,0,0,0.0,6,Sunday,1,9,2023,0,0,,260.5424704252371,,,182.16935349842115,102.0,6017,3948,0.0,0.0,0.002877544495363956,0.0,0.06533091761696685,0.35379587196703255,0.5779956659206366
2023-09-25,11890.0,11890.0,0.0,0.0,11890,1,0,0,0.0,0,Monday,0,9,2023,0,0,,182.05836837678723,,,150.57246640029058,83.0,2753,2066,0.0,0.0,0.005550883095037847,0.0,0.05727502102607233,0.3091673675357443,0.6280067283431455
2023-09-26,10962.0,10962.0,0.0,0.0,10962,1,0,0,0.0,1,Tuesday,0,9,2023,0,0,,198.37985769020253,,,160.11457378551788,98.0,2182,1787,0.0,0.0,0.0050173326035395,0.0,0.06896551724137931,0.3771209633278599,0.5488961868272213
2023-09-27,12589.0,12589.0,0.0,0.0,12589,1,0,0,0.0,2,Wednesday,0,9,2023,0,0,,197.47009293827946,,,157.73095623987035,94.0,2468,2039,0.0,0.0,0.003177377075224402,0.0,0.06966399237429502,0.3696083882754786,0.5575502422750019
2023-09-28,16972.0,16972.0,0.0,0.0,16972,1,0,0,0.0,3,Thursday,0,9,2023,1,0,Milad-un-Nabi,210.96588498703747,,,162.78592375366568,103.0,3069,2417,0.0,0.0,0.0024746641527221306,0.0,0.06263257129389582,0.3512255479613481,0.5836672165920339
2023-09-29,15416.0,15416.0,0.0,0.0,15416,1,0,0,0.0,4,Friday,0,9,2023,0,0,,209.56979761286973,,,161.15608740894902,82.0,2883,2310,0.0,0.0,0.0012324857291126103,0.0,0.07855474831344059,0.35787493513233004,0.5623378308251168
2023-09-30,37707.0,37707.0,0.0,0.0,37707,1,0,0,0.0,5,Saturday,1,9,2023,0,0,,232.95685151298167,,,174.47166507481694,97.0,6282,4228,0.0,0.0,0.002015540881003527,0.0,0.06282653088285994,0.38075158458641634,0.5544063436497202
2023-10-01,22081.0,22081.0,0.0,0.0,22081,1,0,0,0.0,6,Sunday,1,10,2023,0,0,,208.15171414338118,,,146.35792239288602,90.0,4948,3449,0.0,0.0,0.0029889950636293647,0.0,0.0739096961188352,0.35582627598387756,0.5672750328336579
2023-10-02,10609.0,10609.0,0.0,0.0,10609,1,0,0,0.0,0,Monday,0,10,2023,1,0,Gandhi Jayanti,151.00820058440945,,,120.45117982099268,70.5,2458,1895,0.0,0.0,0.006692430954849656,0.0,0.044773305683853334,0.3367895183334904,0.6117447450278066
2023-10-03,8530.0,8530.0,0.0,0.0,8530,1,0,0,0.0,1,Tuesday,0,10,2023,0,0,,171.65146541617818,,,128.52280237937873,80.0,1513,1316,0.0,0.0,0.0015240328253223916,0.0,0.05216881594372802,0.37221570926143027,0.5740914419695193
2023-10-04,8625.0,8625.0,0.0,0.0,8625,1,0,0,0.0,2,Wednesday,0,10,2023,0,0,,152.16997101449275,,,119.8268221574344,76.0,1715,1474,0.0,0.0,0.006376811594202898,0.0,0.057739130434782605,0.35478260869565215,0.5811014492753623
2023-10-05,11320.0,11320.0,0.0,0.0,11320,1,0,0,0.0,3,Thursday,0,10,2023,0,0,,181.5713780918728,,,139.20620009394082,82.0,2129,1789,0.0,0.0,0.004063604240282685,0.0,0.06554770318021201,0.3799469964664311,0.5504416961130743
2023-10-06,11620.0,11620.0,0.0,5.0,11615,0,0,0,0.0004302925989672978,4,Friday,0,10,2023,0,0,,163.1645438898451,2.0,2.0,128.4902953586498,73.0,2370,1960,1.0,1.0,0.006110154905335628,0.0,0.06944922547332186,0.35628227194492257,0.5681583476764199
2023-10-07,27871.0,27871.0,0.0,0.0,27871,1,0,0,0.0,5,Saturday,1,10,2023,0,0,,177.20056689749202,,,139.3623267687819,83.0,5484,3903,0.0,0.0,0.0034085608697212158,0.0,0.06867353162785692,0.38315812134476696,0.5447597861576549
2023-10-08,23499.0,23499.0,0.0,0.0,23499,1,0,0,0.0,6,Sunday,1,10,2023,0,0,,221.6075577684157,,,156.79981412639404,93.0,5380,3671,0.0,0.0,0.004383165241074088,0.0,0.06693901868164603,0.3661006851355377,0.5625771309417422
2023-10-09,19516.0,19516.0,0.0,0.0,19516,1,0,0,0.0,0,Monday,0,10,2023,0,0,,210.9363086698094,,,144.3745942436702,88.0,4621,3199,0.0,0.0,0.005892600942816151,0.0,0.0506763681082189,0.3565279770444763,0.5869030539044886
2023-10-10,10191.0,10191.0,0.0,0.0,10191,1,0,0,0.0,1,Tuesday,0,10,2023,0,0,,163.57099401432637,,,121.92975893599335,73.0,2406,1871,0.0,0.0,0.007653812187224021,0.0,0.052693553135119225,0.33362771072514963,0.6060249239525071
2023-10-11,10135.0,10135.0,0.0,0.0,10135,1,0,0,0.0,2,Wednesday,0,10,2023,0,0,,163.34158855451406,,,133.47492625368733,99.0,2034,1724,0.0,0.0,0.0022693635915145534,0.0,0.06285150468672916,0.39575727676369016,0.5391218549580661
2023-10-12,12599.0,12599.0,0.0,0.0,12599,1,0,0,0.0,3,Thursday,0,10,2023,0,0,,174.47345027383125,,,144.9482213438735,102.0,2530,2099,0.0,0.0,0.007381538217318835,0.0,0.05333756647352964,0.3506627510119851,0.5886181442971664
2023-10-13,11969.0,11969.0,0.0,0.0,11969,1,0,0,0.0,4,Friday,0,10,2023,0,0,,178.5454925223494,,,140.0857142857143,82.5,2450,2033,0.0,0.0,0.002088729217144289,0.0,0.07185228506976356,0.3686189322416242,0.557440053471468
2023-10-14,29876.0,29876.0,0.0,0.0,29876,1,0,0,0.0,5,Saturday,1,10,2023,0,0,,199.3551345561655,,,155.9903846153846,92.0,5824,4038,0.0,0.0,0.004117017003614941,0.0,0.05666755924487883,0.38823805060918465,0.5509773731423216
2023-10-15,25360.0,25360.0,0.0,0.0,25360,1,0,0,0.0,6,Sunday,1,10,2023,0,0,,224.75149842271293,,,169.97243195785776,96.0,5695,3912,0.0,0.0,0.0018927444794952682,0.0,0.05666403785488959,0.3739747634069401,0.5674684542586751
2023-10-16,12459.0,12459.0,0.0,0.0,12459,1,0,0,0.0,0,Monday,0,10,2023,0,0,,186.8504695400915,,,136.94692144373673,78.0,2826,2101,0.0,0.0,0.007143430451882173,0.0,0.05867244562163897,0.3393530780961554,0.5948310458303234
2023-10-17,8869.0,8869.0,0.0,0.0,8869,1,0,0,0.0,1,Tuesday,0,10,2023,0,0,,179.38583831322583,,,140.1723368655884,91.0,1793,1529,0.0,0.0,0.005975871011387981,0.0,0.05829293043184124,0.34772804149284026,0.5880031570639306
2023-10-18,10533.0,10533.0,0.0,0.0,10533,1,0,0,0.0,2,Wednesday,0,10,2023,0,0,,189.1414601727903,,,139.50807568066452,95.0,2167,1818,0.0,0.0,0.0018038545523592518,0.0,0.059432260514573246,0.36675211240862055,0.572011772524447
2023-10-19,13943.0,13943.0,0.0,0.0,13943,1,0,0,0.0,3,Thursday,0,10,2023,0,0,,183.64132539625618,,,143.0994318181818,93.0,2816,2285,0.0,0.0,0.0035860288316718067,0.0,0.06132109302158789,0.3827009969160152,0.5523918812307251
2023-10-20,12807.0,12807.0,0.0,0.0,12807,1,0,0,0.0,4,Friday,0,10,2023,0,0,,184.44741157179666,,,146.98950917946797,78.0,2669,2195,0.0,0.0,0.004450691028343875,0.0,0.04700554384321074,0.36237994846568283,0.5861638166627625
2023-10-21,32500.0,32500.0,0.0,0.0,32500,1,0,0,0.0,5,Saturday,1,10,2023,0,0,,215.34406153846155,,,163.4581449727202,95.0,6415,4314,0.0,0.0,0.004923076923076923,0.0,0.055692307692307694,0.37646153846153846,0.562923076923077
2023-10-22,30498.0,30498.0,0.0,0.0,30498,1,0,0,0.0,6,Sunday,1,10,2023,0,0,,268.7536231884058,,,180.5372703810536,101.0,6587,4244,0.0,0.0,0.0029510131811922094,0.0,0.07820184930159355,0.3696307954619975,0.5492163420552167
2023-10-23,13710.0,13710.0,0.0,0.0,13710,1,0,0,0.0,0,Monday,0,10,2023,0,0,,214.94733770970095,,,151.6803441429517,87.0,3022,2234,0.0,0.0,0.007439824945295405,0.0,0.04923413566739606,0.33420860685630926,0.6091174325309993
2023-10-24,9319.0,9319.0,0.0,0.0,9319,1,0,0,0.0,1,Tuesday,0,10,2023,1,1,Dussehra,196.56937439639447,,,151.71703150026696,97.0,1873,1539,0.0,0.0,0.0021461530207103766,0.0,0.05612190149157635,0.35057409593304,0.5911578495546732
2023-10-25,12060.0,12060.0,0.0,0.0,12060,1,0,0,0.0,2,Wednesday,0,10,2023,0,0,,179.6747927031509,,,149.60412534708448,97.0,2521,2052,0.0,0.0,0.002404643449419569,0.0,0.048424543946932005,0.34991708126036486,0.5992537313432836
2023-10-26,15745.0,15745.0,0.0,13.0,15732,0,0,0,0.000825658939345824,3,Thursday,0,10,2023,0,0,,196.97897745315973,25.25,27.0,157.59228295819935,95.0,3110,2418,4.0,2.0,0.0033661479834868214,0.0,0.06586217846935535,0.37904096538583676,0.5517307081613211
2023-10-27,16270.0,16322.0,52.0,1323.0,14999,0,0,0,0.08105624310746232,4,Friday,0,10,2023,0,0,,186.52021811052566,95.5085324232082,45.0,152.11695524338452,83.0,3061,2441,293.0,125.0,0.009128783237348365,0.005146428133807132,0.06727116774905036,0.39921578237961036,0.5192378385001838
2023-10-28,39398.0,39513.0,115.0,2225.0,37288,0,0,0,0.05631058132766431,5,Saturday,1,10,2023,0,0,,233.2833497836155,137.41573033707866,48.0,181.8321787077619,102.0,7073,4628,534.0,155.0,0.005137549667198137,0.0036443702072735556,0.07805026193910865,0.3879988864424367,0.525168931743983
2023-10-29,37232.0,37375.0,143.0,2420.0,34955,0,0,0,0.06474916387959866,6,Sunday,1,10,2023,0,0,,281.80152508361203,141.00874125874125,44.5,197.02411234764176,117.0,7548,4577,572.0,156.0,0.006046822742474916,0.003451505016722408,0.08735785953177258,0.35959866220735787,0.5435451505016723
2023-10-30,16929.0,16954.0,25.0,1127.0,15827,0,0,0,0.06647398843930635,0,Monday,0,10,2023,0,0,,254.8838622154064,101.25093632958801,20.0,167.01009201543485,93.0,3369,2428,267.0,90.0,0.009850182847705556,0.005131532381738823,0.08316621446266367,0.3376784239707444,0.5641736463371476
2023-10-31,11781.0,11811.0,30.0,741.0,11070,0,0,0,0.06273812547625095,1,Tuesday,0,10,2023,0,0,,209.61425789518245,77.1,32.0,165.04499781564002,97.0,2289,1860,170.0,92.0,0.00508001016002032,0.002116670900008467,0.08195749724832783,0.3640673948014563,0.5467784268901871
2023-11-01,9079.0,9092.0,13.0,820.0,8272,0,0,0,0.09018917729872415,2,Wednesday,0,11,2023,0,0,,164.78794544654642,89.51336898395722,29.0,132.7368721461187,88.5,1752,1521,187.0,86.0,0.004729432468103828,0.0026396832380114386,0.07479102507699076,0.3682358117025957,0.5496040475142983
2023-11-02,24164.0,24205.0,41.0,1839.0,22366,0,0,0,0.07597603800867589,3,Thursday,0,11,2023,0,0,,179.23317496385044,86.85874439461884,29.0,144.59247311827957,98.0,4650,3386,446.0,145.0,0.005990497831026648,0.0033877298078909316,0.06139227432348688,0.38264821317909525,0.5465812848585003
2023-11-03,12674.0,12714.0,40.0,995.0,11719,0,0,0,0.07826018562214881,4,Friday,0,11,2023,0,0,,161.49646059462012,80.56981132075472,20.0,130.7486413043478,70.0,2944,2201,265.0,109.0,0.00684285040113261,0.00778669183577159,0.05820355513607047,0.3338052540506528,0.5933616485763725
2023-11-04,23167.0,23248.0,81.0,1717.0,21531,0,0,0,0.07385581555402615,5,Saturday,1,11,2023,0,0,,176.60452512044046,92.0139534883721,45.5,143.12752785802724,83.0,4846,3554,430.0,152.0,0.0064521679284239505,0.0047315898141775635,0.06753269098417068,0.36489160357880246,0.5563919476944253
2023-11-05,29128.0,29228.0,100.0,2012.0,27216,0,0,0,0.06883810045162174,6,Sunday,1,11,2023,0,0,,254.10637060353085,113.013671875,27.0,176.68829385513217,96.0,5826,3902,512.0,155.0,0.010161488983166826,0.004687286163952375,0.07054878883262625,0.3843574654440947,0.5302449705761598
2023-11-06,13319.0,13344.0,25.0,953.0,12391,0,0,0,0.07141786570743405,0,Monday,0,11,2023,0,0,,208.50539568345323,105.35483870967742,29.0,142.51031894934334,77.0,2665,2011,248.0,91.0,0.007718824940047961,0.001498800959232614,0.05500599520383693,0.329136690647482,0.6066396882494005
2023-11-07,8925.0,8953.0,28.0,730.0,8223,0,0,0,0.08153691500055847,1,Tuesday,0,11,2023,0,0,,181.42432704121524,77.52247191011236,26.5,139.7817142857143,84.5,1750,1509,178.0,94.0,0.005584720205517703,0.006366581034290182,0.05484195241818385,0.3584273427901262,0.5747794035518821
2023-11-08,10981.0,11001.0,20.0,857.0,10144,0,0,0,0.07790200890828107,2,Wednesday,0,11,2023,0,0,,185.18925552222524,75.1244019138756,24.0,136.12435476302207,92.0,2131,1817,209.0,95.0,0.00472684301427143,0.00436323970548132,0.05635851286246705,0.3896918461958004,0.5448595582219798
2023-11-09,13939.0,13973.0,34.0,1137.0,12836,0,0,0,0.08137121591641022,3,Thursday,0,11,2023,0,0,,177.54848636656408,103.76893939393939,29.5,143.50375093773442,79.0,2666,2167,264.0,117.0,0.009661490016460316,0.005510627639018106,0.07042152723108852,0.35375366778787665,0.5606526873255564
2023-11-10,15504.0,15535.0,31.0,3452.0,12083,0,0,0,0.22220791760540715,4,Friday,0,11,2023,0,0,,669.6118442227229,1855.1732522796353,676.0,149.20867208672087,79.0,2583,2100,658.0,129.0,0.006308336015448986,0.0043128419697457355,0.05426456388799485,0.31728355326681684,0.6178307048599936
2023-11-11,32040.0,32131.0,91.0,2457.0,29674,0,0,0,0.07646820827238493,5,Saturday,1,11,2023,0,0,,326.0438517319722,1187.0555555555557,69.5,166.46324571068786,95.0,6353,4225,558.0,158.0,0.005913292458995985,0.0028010332700507297,0.06062680900065357,0.36099094332576015,0.5696679219445395
2023-11-12,33167.0,33248.0,81.0,2186.0,31062,0,0,0,0.0657483156881617,6,Sunday,1,11,2023,1,1,Diwali,245.83884744947065,136.32022471910113,55.0,182.01889786497404,103.0,6932,4355,534.0,148.0,0.007098171318575553,0.002737006737247353,0.07356833493743985,0.3713306063522618,0.5452658806544755
2023-11-13,16105.0,16147.0,42.0,1142.0,15005,0,0,0,0.07072521211370533,0,Monday,0,11,2023,1,0,Govardhan Puja,224.8830742552796,97.95419847328245,25.0,163.9803328290469,92.0,3305,2358,262.0,97.0,0.008670341239858798,0.004706756673066205,0.04836811791664086,0.33659503313308975,0.6016597510373444
2023-11-14,10009.0,10050.0,41.0,910.0,9140,0,0,0,0.09054726368159204,1,Tuesday,0,11,2023,0,0,,179.64547263681592,94.68817204301075,26.0,142.55527638190955,92.5,1990,1650,186.0,101.0,0.008955223880597015,0.003880597014925373,0.05144278606965174,0.383681592039801,0.5520398009950249
2023-11-15,11712.0,11741.0,29.0,958.0,10783,0,0,0,0.08159441274167448,2,Wednesday,0,11,2023,1,0,Bhai Dooj,169.50029810067286,96.2542372881356,26.0,144.363304981774,90.0,2469,2026,236.0,109.0,0.004684439144876927,0.0015330891746869943,0.07461033983476706,0.3492036453453709,0.5699684865002981
2023-11-16,15696.0,15722.0,26.0,1127.0,14595,0,0,0,0.07168299198575245,3,Thursday,0,11,2023,0,0,,181.49592927108512,111.6896551724138,44.0,147.91051454138702,82.0,3129,2472,290.0,123.0,0.005152016282915659,0.0030530466861722425,0.056036127719119706,0.383793410507569,0.5519653988042234
2023-11-17,15635.0,15668.0,33.0,1217.0,14451,0,0,0,0.07767424049017105,4,Friday,0,11,2023,0,0,,190.20430176155222,92.90228013029316,44.0,152.52104739807757,80.0,3017,2414,307.0,135.0,0.004340056165432729,0.003893285677814654,0.06363288230788869,0.39015828440132755,0.5379754914475364
2023-11-18,37034.0,37158.0,124.0,2282.0,34876,0,0,0,0.061413423758006354,5,Saturday,1,11,2023,0,0,,222.47085419021477,117.6340579710145,48.0,170.48889490790899,97.0,7384,4692,552.0,162.0,0.005866838904139081,0.0029872436621992573,0.06580009688357823,0.3783303730017762,0.5470154475483072
2023-11-19,39630.0,39731.0,101.0,2768.0,36963,0,0,0,0.06966852080239612,6,Sunday,1,11,2023,0,0,,299.473484181118,164.37770382695507,60.0,200.53381367715838,117.0,7911,4801,601.0,161.0,0.00468148297299338,0.004001912864010471,0.07427449598550251,0.3747199919458358,0.5423221162316579
2023-11-20,17057.0,17091.0,34.0,1366.0,15725,0,0,0,0.07992510678134691,0,Monday,0,11,2023,0,0,,233.07934000351062,109.78913738019169,26.0,162.6528807758129,93.0,3506,2474,313.0,102.0,0.008659528406763794,0.0040957228950909835,0.07120706804751038,0.33216312679187876,0.5838745538587561
2023-11-21,12178.0,12191.0,13.0,995.0,11196,0,0,0,0.08161758674431958,1,Tuesday,0,11,2023,0,0,,212.64219506193092,132.1875,68.5,156.37723307021187,96.0,2407,1951,208.0,103.0,0.00721843983266344,0.0036912476417028956,0.06373554261340333,0.37363628906570423,0.5517184808465261
2023-11-22,33446.0,33489.0,43.0,2157.0,31332,0,0,0,0.06440920899399803,2,Wednesday,0,11,2023,0,0,,213.60151094389204,134.0956848030019,47.0,180.80574555403558,121.0,6579,4384,533.0,158.0,0.005255457015736511,0.002568007405416704,0.060437755680969873,0.38917256412553375,0.5425662157723432
2023-11-23,16348.0,16391.0,43.0,1112.0,15279,0,0,0,0.06784210847416265,3,Thursday,0,11,2023,0,0,,202.31126837898847,101.52160493827161,21.0,155.25734522560336,80.0,3812,2720,324.0,110.0,0.005185772680129339,0.004087609053749009,0.05698249039106827,0.38521139649807823,0.5485327313769752
2023-11-24,16620.0,16686.0,66.0,1089.0,15597,0,0,0,0.06526429341963323,4,Friday,0,11,2023,0,0,,218.2052618962004,99.95323741007195,45.0,169.0145661811273,95.0,3158,2469,278.0,126.0,0.005513604219105837,0.00239721922569819,0.06796116504854369,0.3736066163250629,0.5505213951815894
2023-11-25,43341.0,43461.0,120.0,2596.0,40865,0,0,0,0.059731713490255633,5,Saturday,1,11,2023,0,0,,259.8870481581188,146.788256227758,49.0,200.20557061868377,121.0,8114,5041,562.0,175.0,0.004900945675433147,0.004072616828881066,0.06525390580060283,0.39780492855663696,0.5279676031384459
2023-11-26,50746.0,50907.0,161.0,2988.0,47919,0,0,0,0.05869526784135777,6,Sunday,1,11,2023,0,0,,338.9291060168543,198.27329192546583,85.0,231.3452306407848,130.0,9582,5338,644.0,160.0,0.006128823148093583,0.0032804918773449623,0.07061897185062958,0.39112499263362605,0.5288467204903059
2023-11-27,19427.0,19474.0,47.0,1239.0,18235,0,0,0,0.06362329259525522,0,Monday,0,11,2023,1,0,Guru Nanak Jayanti,244.4873677724145,141.24584717607974,35.0,173.4965208747515,96.0,4024,2749,301.0,93.0,0.010116052172126938,0.0021053712642497687,0.06444490089349902,0.32828386566704326,0.595049810003081
2023-11-28,12850.0,12874.0,24.0,936.0,11938,0,0,0,0.0727046760913469,1,Tuesday,0,11,2023,0,0,,200.0828025477707,114.06437768240343,44.0,163.91715060007743,98.0,2583,2095,233.0,107.0,0.005903371135622185,0.0017088705918906323,0.06361659157992854,0.3660866863445705,0.5626844803479882
2023-11-29,16773.0,16816.0,43.0,1211.0,15605,0,0,0,0.07201474785918173,2,Wednesday,0,11,2023,0,0,,209.09818030447192,129.83448275862068,44.5,162.7888107791447,97.0,3414,2616,290.0,117.0,0.0048168411037107514,0.002973358705994291,0.07171741198858231,0.38481208372978115,0.5356803044719315
2023-11-30,19379.0,19406.0,27.0,1371.0,18035,0,0,0,0.0706482531175925,3,Thursday,0,11,2023,0,0,,232.08744718128415,133.02140672782875,47.0,183.55175246440308,116.0,3652,2742,327.0,127.0,0.005256106358858085,0.0020096877254457382,0.0647222508502525,0.3801916932907348,0.5478202617747089
2023-12-01,14955.0,15008.0,53.0,1302.0,13706,0,0,0,0.08675373134328358,4,Friday,0,12,2023,0,0,,212.4956023454158,109.9719298245614,45.0,167.3924375917768,90.0,2724,2202,285.0,121.0,0.009661513859275054,0.0028651385927505333,0.06383262260127932,0.40671641791044777,0.5169243070362474
2023-12-02,53638.0,53776.0,138.0,3044.0,50732,0,0,0,0.05660517703064564,5,Saturday,1,12,2023,0,0,,318.76599226420706,167.25133689839572,70.0,216.46491531282405,123.0,8679,5247,561.0,177.0,0.005095209759000297,0.002919518000595061,0.06501041356739065,0.4209870574233859,0.505987801249628
2023-12-03,62711.0,62890.0,179.0,3461.0,59429,0,0,0,0.055032596597233266,6,Sunday,1,12,2023,0,0,,359.0977420893624,218.90138674884437,91.0,236.09310113864703,141.0,10451,5701,649.0,173.0,0.005708379710605819,0.004738432183176976,0.07034504690729845,0.4151852440769598,0.504022897121959
2023-12-04,19444.0,19472.0,28.0,1242.0,18230,0,0,0,0.06378389482333607,0,Monday,0,12,2023,0,0,,263.02290468364833,137.1082089552239,49.0,173.34556656844362,96.0,3733,2676,268.0,105.0,0.00549506984387839,0.0039030402629416597,0.07056285949055054,0.3473192276088743,0.5727198027937551
2023-12-05,14347.0,14397.0,50.0,1002.0,13395,0,0,0,0.06959783288185038,1,Tuesday,0,12,2023,0,0,,233.40966868097522,128.24528301886792,58.0,169.4003164556962,101.0,2528,2067,212.0,103.0,0.005070500798777523,0.0062513023546572205,0.051677432798499685,0.39397096617350835,0.5430297978745572
2023-12-06,17846.0,17882.0,36.0,1243.0,16639,0,0,0,0.06951124035342802,2,Wednesday,0,12,2023,0,0,,243.0555866234202,124.44520547945206,32.0,174.21931781957284,107.0,3137,2469,292.0,115.0,0.0029638742869925066,0.004138239570517839,0.06263281512135108,0.393020914886478,0.5372441561346606
2023-12-07,26548.0,26641.0,93.0,1814.0,24827,0,0,0,0.06809053714199917,3,Thursday,0,12,2023,0,0,,292.1143350474832,174.48641304347825,49.5,192.75051593671176,123.0,4361,3266,368.0,142.0,0.005367666378889681,0.0030404264104200293,0.07045531323899253,0.3732217259111895,0.5479148680605083
2023-12-08,25414.0,25468.0,54.0,1763.0,23705,0,0,0,0.06922412439139312,4,Friday,0,12,2023,0,0,,278.0120543427046,147.86819484240687,53.0,189.4031573986805,120.0,4244,3206,349.0,139.0,0.0060075388723103505,0.0032589916758284905,0.06196010680069106,0.3744699230406785,0.5543034396104916
2023-12-09,107393.0,107493.0,100.0,3794.0,103699,0,0,0,0.03529532155582224,5,Saturday,1,12,2023,0,0,,404.64751193100943,215.4203539823009,75.5,260.37724137931036,174.0,14500,7052,678.0,182.0,0.0038235047863581814,0.0029490292391132445,0.0691207799577647,0.4309955066841562,0.49311117933260773
2023-12-10,96895.0,97129.0,234.0,4242.0,92887,0,0,0,0.043673877008926276,6,Sunday,1,12,2023,0,0,,382.3240844649899,245.60841836734693,113.5,262.0116677235257,166.0,15770,7010,784.0,177.0,0.004272668307096748,0.0031504494023412164,0.06553140668595372,0.42782279236891146,0.49922268323569685
2023-12-11,25827.0,25893.0,66.0,1697.0,24196,0,0,0,0.06553894875062759,0,Monday,0,12,2023,0,0,,280.4340555362453,189.73314606741573,93.0,187.09942833809717,118.0,4898,3254,356.0,120.0,0.002857915266674391,0.0032827405090178814,0.0667361835245047,0.3622600702892674,0.5648630904105356
2023-12-12,20823.0,20854.0,31.0,1482.0,19372,0,0,0,0.07106550302100316,1,Tuesday,0,12,2023,0,0,,278.27174642754386,165.93501805054152,92.0,196.68044155108973,126.0,3533,2690,277.0,115.0,0.004507528531696557,0.0035484799079313323,0.061858636232857006,0.38596911863431477,0.5441162366932003
2023-12-13,28717.0,28788.0,71.0,1843.0,26945,0,0,0,0.06401973044324023,2,Wednesday,0,12,2023,0,0,,293.7273864110046,156.33681462140993,96.0,207.17537313432837,143.0,4556,3373,383.0,148.0,0.007155759344171182,0.003334722801167153,0.07492705293872447,0.3937404474086425,0.5208420175072948
2023-12-14,43080.0,43159.0,79.0,1966.0,41193,0,0,0,0.04555249194837693,3,Thursday,0,12,2023,0,0,,319.3171296832642,140.15617715617716,54.0,222.1931493815414,159.0,6306,4287,429.0,143.0,0.0038462429620704838,0.002571885354155564,0.07242985240621887,0.400287309715239,0.5208647095623161
2023-12-15,40888.0,40958.0,70.0,2204.0,38754,0,0,0,0.05381122125103765,4,Friday,0,12,2023,0,0,,315.66355779090776,155.72037914691944,54.5,220.79221802142408,164.0,6348,4277,422.0,144.0,0.005493432296498853,0.0017090678255774208,0.06706870452658821,0.4053176424630109,0.5204111528883246
2023-12-16,167804.0,167953.0,149.0,4380.0,163573,0,0,0,0.026078724405041886,5,Saturday,1,12,2023,0,0,,443.4954183610891,238.47712418300654,95.0,297.4025043874211,215.0,21083,8264,765.0,193.0,0.003096104267265247,0.0023220782004489352,0.0665305174661959,0.4525909034075009,0.475460396658589
2023-12-17,126419.0,126639.0,220.0,4742.0,121897,0,0,0,0.03744502088614092,6,Sunday,1,12,2023,0,0,,406.8026121494958,261.9336437718277,121.0,289.0379463174145,197.0,20081,7746,859.0,186.0,0.004927392035628835,0.0020609764764409066,0.07658778101532704,0.434692314373929,0.4817315360986742
2023-12-18,33169.0,33220.0,51.0,2420.0,30800,0,0,0,0.0728476821192053,0,Monday,0,12,2023,0,0,,298.0740517760385,217.96868008948545,114.0,211.13396503839243,126.0,6121,3813,447.0,127.0,0.004003612281757977,0.0033714629741119807,0.07209512341962673,0.3739614689945816,0.5465683323299217
2023-12-19,34429.0,34497.0,68.0,1804.0,32693,0,0,0,0.05229440241180393,1,Tuesday,0,12,2023,0,0,,305.624720990231,161.43697478991598,91.0,217.2780201024085,142.0,5273,3710,357.0,141.0,0.002290054207612256,0.0027538626547235993,0.07275995014059193,0.39652723425225384,0.5256688987448184
2023-12-20,46080.0,46147.0,67.0,2177.0,43970,0,0,0,0.04717533100743277,2,Wednesday,0,12,2023,0,0,,319.3551260103582,171.86292134831461,70.0,232.4900071890726,165.0,6955,4508,445.0,148.0,0.004442325611632392,0.0028604242962706134,0.07257243157735065,0.4011961774329859,0.5189286410817605
2023-12-21,62936.0,63053.0,117.0,2681.0,60372,0,0,0,0.04251978494282588,3,Thursday,0,12,2023,0,0,,363.0868634323506,213.4959677419355,107.5,249.92921348314607,173.0,8900,5308,496.0,160.0,0.0033463911312705185,0.0021569156106767324,0.074080535422581,0.42668865874740297,0.4937274990880688
2023-12-22,156559.0,156852.0,293.0,4600.0,152252,0,0,0,0.02932700890010966,4,Friday,0,12,2023,0,0,,420.0706207125188,260.21046228710463,139.5,295.24688513799424,212.0,21269,8351,822.0,186.0,0.0035128656312957435,0.0019763853823986945,0.06794302909749318,0.44828245734832833,0.47828526254048404
2023-12-23,55835.0,55976.0,141.0,2946.0,53030,0,0,0,0.05262969844218951,5,Saturday,1,12,2023,0,0,,343.65563813062744,205.5580808080808,93.0,259.50531203273783,163.0,12707,6037,792.0,177.0,0.004091039016721452,0.0029476918679434043,0.07787265971130485,0.3764291839359726,0.5386594254680578
2023-12-24,52697.0,52861.0,164.0,2700.0,50161,0,0,0,0.05107735381472163,6,Sunday,1,12,2023,0,0,,291.4194018274342,217.13425468904245,117.0,281.781121751026,167.0,19006,5998,1013.0,168.0,0.004464539074175668,0.002837630767484535,0.09065284425190594,0.35897920962524354,0.5430657762811902
2023-12-25,31448.0,31515.0,67.0,1822.0,29693,0,0,0,0.05781373948913216,0,Monday,0,12,2023,1,1,Christmas,254.17709027447248,179.17826825127335,69.0,233.2784090909091,139.0,10032,4283,589.0,125.0,0.0045692527367920035,0.002950975725844836,0.0857686815801999,0.3644296366809456,0.5422814532762177
2023-12-26,46988.0,47107.0,119.0,2275.0,44832,0,0,0,0.04829430870146687,1,Tuesday,0,12,2023,0,0,,305.5528053155582,177.90677966101694,86.0,230.59166349930317,150.0,7893,4900,472.0,152.0,0.00464899059587747,0.0024837073046468676,0.06374848748593627,0.4087078353535568,0.5204109792599826
2023-12-27,53614.0,53720.0,106.0,2900.0,50820,0,0,0,0.05398361876396128,2,Wednesday,0,12,2023,0,0,,309.8841772151899,178.00696864111498,73.0,231.43192282394213,157.0,9122,5364,574.0,162.0,0.004113924050632912,0.002699180938198064,0.07661950856291884,0.408879374534624,0.5076880119136262
2023-12-28,75049.0,75253.0,204.0,3914.0,71339,0,0,0,0.0520112154997143,3,Thursday,0,12,2023,0,0,,351.8257478107185,213.26111111111112,92.0,252.2742268041237,166.0,12610,6449,720.0,170.0,0.004278899180099132,0.0028968944759677354,0.06428979575565094,0.42083372091478083,0.5077006896735013
2023-12-29,78769.0,78915.0,146.0,3485.0,75430,0,0,0,0.04416143952353798,4,Friday,0,12,2023,0,0,,315.6114426915035,229.234474017744,95.0,241.5384002655161,145.0,15065,6633,789.0,157.0,0.006171196857378191,0.0029272001520623454,0.06318190458087816,0.4407146930241399,0.4870050053855414
2023-12-30,71971.0,72110.0,139.0,3380.0,68730,0,0,0,0.046872833171543477,5,Saturday,1,12,2023,0,0,,312.9126889474414,214.221322537112,93.0,249.93034255410635,147.0,13954,6239,741.0,148.0,0.006725835529052836,0.002870614339203994,0.0651781999722646,0.42042712522535014,0.5047982249341284
2023-12-31,15989.0,16021.0,32.0,539.0,15482,0,0,0,0.03364334311216528,6,Sunday,1,12,2023,0,0,,272.57830347668687,144.69127516778522,66.0,254.06635305768754,118.0,4039,2560,149.0,45.0,0.005742463017289807,0.0019349603645215654,0.05742463017289807,0.4186380375756819,0.5162599088696086
2024-01-01,13306.0,13330.0,24.0,345.0,12985,0,0,0,0.025881470367591898,0,Monday,0,1,2024,1,0,New Year's Day,279.1669167291823,197.96907216494844,52.0,237.6528695652174,103.0,2875,1876,97.0,20.0,0.004651162790697674,0.0008252063015753939,0.038559639909977496,0.36106526631657915,0.5948987246811703
2024-01-02,31541.0,31582.0,41.0,1104.0,30478,0,0,0,0.034956620859983537,1,Tuesday,0,1,2024,0,0,,240.72398834779304,176.50194552529183,74.0,192.12119717151785,92.0,6081,3339,257.0,49.0,0.006237730352732569,0.001646507504274587,0.04987017921600912,0.38841745297954533,0.5538281299474385
2024-01-03,23734.0,23789.0,55.0,781.0,23008,0,0,0,0.03283029971835722,2,Wednesday,0,1,2024,0,0,,199.7773340619614,113.57425742574257,26.5,156.18508789654476,74.0,4949,3152,202.0,63.0,0.007146159989911303,0.00248013787885157,0.04914035898944891,0.3683214931270755,0.5729118500147127
2024-01-04,16428.0,16455.0,27.0,848.0,15607,0,0,0,0.05153448799756913,3,Thursday,0,1,2024,0,0,,213.26362807657247,124.76923076923077,22.0,146.63794741843523,72.0,3157,2359,182.0,74.0,0.00498328775448192,0.00249164387724096,0.06125797629899726,0.38359161349134,0.5476754785779399
2024-01-05,15467.0,15511.0,44.0,1241.0,14270,0,0,0,0.08000773644510348,4,Friday,0,1,2024,0,0,,244.92934046805493,176.28070175438597,47.0,153.24520648967552,71.0,2712,2165,285.0,93.0,0.005737863451743924,0.0027077557862162337,0.07452775449680872,0.3778608729288892,0.539165753336342
2024-01-06,28325.0,28435.0,110.0,1824.0,26611,0,0,0,0.06414629857569897,5,Saturday,1,1,2024,0,0,,250.0079127835414,99.04819277108433,24.0,172.3827160493827,75.0,4941,3534,415.0,143.0,0.004431158783189731,0.003727800246175488,0.08141375065939863,0.41638825391243184,0.4940390363988043
2024-01-07,32425.0,32552.0,127.0,2304.0,30248,0,0,0,0.07077906119439666,6,Sunday,1,1,2024,0,0,,250.4932723027771,125.35657370517929,41.5,162.8207265293285,74.0,6359,4123,502.0,143.0,0.007833620054067339,0.00623617596461047,0.06988817891373802,0.3847689850086016,0.5312730400589826
2024-01-08,27862.0,27912.0,50.0,1686.0,26226,0,0,0,0.06040412725709372,0,Monday,0,1,2024,0,0,,236.53528948122673,127.97101449275362,28.0,149.3981933152665,70.0,5535,3670,414.0,121.0,0.008455144740613357,0.0039051304098595588,0.06043995414158785,0.37800945829750643,0.5491903124104328
2024-01-09,15892.0,15919.0,27.0,1324.0,14595,0,0,0,0.08317105345813179,1,Tuesday,0,1,2024,0,0,,233.03241409636283,115.09787234042552,28.0,135.3729573854534,68.0,3121,2361,235.0,85.0,0.006721527734154156,0.004899805264149758,0.07908788240467365,0.3903511527105974,0.518939631886425
2024-01-10,12845.0,12865.0,20.0,851.0,12014,0,0,0,0.06614846482705014,2,Wednesday,0,1,2024,0,0,,207.01694520015545,102.07407407407408,26.0,151.0891089108911,94.0,2222,1841,189.0,96.0,0.006684803731053245,0.0037310532452390207,0.05736494364554994,0.3996113486202876,0.5326078507578702
2024-01-11,16077.0,16111.0,34.0,1072.0,15039,0,0,0,0.06653838991993048,3,Thursday,0,1,2024,0,0,,235.59822481534354,105.56962025316456,28.0,157.72418670438472,92.0,2828,2267,237.0,112.0,0.0034758860405933833,0.004593135125069828,0.06957979020544969,0.3776922599466203,0.5446589286822667
2024-01-12,17559.0,17651.0,92.0,1204.0,16447,0,0,0,0.06821143278001246,4,Friday,0,1,2024,0,0,,229.80040790890035,110.1962962962963,28.0,153.1496484767325,78.0,2987,2350,270.0,121.0,0.003172624780465696,0.004305705059203444,0.06673842841765339,0.4075123222480313,0.5182709194946462
2024-01-13,43499.0,43620.0,121.0,2416.0,41204,0,0,0,0.05538743695552499,5,Saturday,1,1,2024,0,0,,258.44750114626316,133.70240295748613,47.0,177.20675105485233,93.0,7584,4783,541.0,163.0,0.004974782209995415,0.003255387436955525,0.06595598349381018,0.415818431911967,0.5099954149472719
2024-01-14,42596.0,42753.0,157.0,2704.0,40049,0,0,0,0.06324702360068299,6,Sunday,1,1,2024,0,0,,247.8148200126307,141.45380875202594,54.0,175.9974455662328,96.0,8221,4949,617.0,156.0,0.005543470633639745,0.0032278436600940287,0.07283699389516525,0.39873225270741236,0.5196594391036886
2024-01-15,16826.0,16867.0,41.0,962.0,15905,0,0,0,0.05703444595956601,0,Monday,0,1,2024,1,0,Makar Sankranti / Pongal,211.81828422363193,91.328125,39.5,149.97287369313366,89.0,3539,2527,256.0,92.0,0.009426691172111224,0.00225291990276872,0.06521610244856821,0.3642022884923223,0.5589019979842296
2024-01-16,13071.0,13101.0,30.0,1042.0,12059,0,0,0,0.0795359132890619,1,Tuesday,0,1,2024,0,0,,199.8235249217617,121.18604651162791,45.0,148.19565217391303,96.0,2392,1948,215.0,103.0,0.00625906419357301,0.005801083886726204,0.06343027249828258,0.38210823601251814,0.5424013434089001
2024-01-17,15177.0,15213.0,36.0,1281.0,13932,0,0,0,0.08420429895484126,2,Wednesday,0,1,2024,0,0,,208.63011897719056,119.52244897959184,68.0,148.63422575976844,97.0,2764,2226,245.0,123.0,0.0022349306514165518,0.0036153289949385392,0.05955432853480576,0.40130151843817785,0.5332938933806612
2024-01-18,21160.0,21214.0,54.0,2888.0,18326,0,0,0,0.1361365136230791,3,Thursday,0,1,2024,0,0,,543.8629207127369,1758.6903225806452,147.0,158.9210155148096,101.0,3545,2744,465.0,124.0,0.005279532384274536,0.0017441312340906949,0.058310549637032145,0.4266993494861884,0.5079664372584143
2024-01-19,18690.0,18713.0,23.0,1141.0,17572,0,0,0,0.060973654678565706,4,Friday,0,1,2024,0,0,,211.6537701063432,97.2463768115942,29.0,151.5465317919075,81.0,3460,2696,276.0,117.0,0.003152888366376316,0.004168225297921231,0.05915673595895901,0.4008443328167584,0.532677817559985
2024-01-20,49638.0,49779.0,141.0,2677.0,47102,0,0,0,0.05377769742260793,5,Saturday,1,1,2024,0,0,,245.5915345828562,148.14117647058825,50.0,177.71363790953407,103.0,8821,5312,595.0,160.0,0.0039374033226862734,0.003877136945298218,0.06814118403342775,0.40326241989594,0.5207818558026477
2024-01-21,49295.0,49381.0,86.0,2918.0,46463,0,0,0,0.059091553431481744,6,Sunday,1,1,2024,0,0,,266.6195095279561,156.06354009077157,70.0,190.71946446961894,118.0,9710,5389,661.0,162.0,0.005973957595026427,0.0031591097790648224,0.08039529373645735,0.4034345193495474,0.507037119539904
2024-01-22,16963.0,17019.0,56.0,1144.0,15875,0,0,0,0.06721899053998473,0,Monday,0,1,2024,0,0,,186.92349726775956,133.34246575342465,66.5,145.83776041666667,91.0,3840,2690,292.0,100.0,0.005875785886362301,0.007462248075680122,0.07832422586520947,0.3491391973676479,0.5591985428051002
2024-01-23,13008.0,13040.0,32.0,1086.0,11954,0,0,0,0.08328220858895706,1,Tuesday,0,1,2024,0,0,,202.09846625766872,230.08936170212766,54.0,152.4146841673503,100.0,2438,1978,235.0,105.0,0.003987730061349694,0.004371165644171779,0.09309815950920246,0.3839723926380368,0.5145705521472392
2024-01-24,15705.0,15737.0,32.0,1245.0,14492,0,0,0,0.07911291859947893,2,Wednesday,0,1,2024,0,0,,201.44659083688123,116.89377289377289,32.0,152.00464344941958,105.0,3015,2386,273.0,119.0,0.005464828112092521,0.005401283599161213,0.06754781724598082,0.40592234860519794,0.5156637224375675
2024-01-25,21801.0,21870.0,69.0,1562.0,20308,0,0,0,0.07142203932327389,3,Thursday,0,1,2024,0,0,,212.02263374485597,126.64057971014493,34.0,163.36838217187884,115.0,4061,2996,345.0,137.0,0.005532693187014175,0.005898491083676269,0.07613168724279835,0.39085505258344766,0.5215820759030636
2024-01-26,20999.0,21061.0,62.0,1479.0,19582,0,0,0,0.07022458572717345,4,Friday,0,1,2024,1,1,Republic Day,197.09724134656474,117.45081967213115,49.0,160.42358299595142,96.0,3952,3005,366.0,135.0,0.0060301030340439675,0.0025164996913726793,0.06580884098570818,0.4055362993210199,0.5201082569678552
2024-01-27,59240.0,59378.0,138.0,2787.0,56591,0,0,0,0.046936575836168275,5,Saturday,1,1,2024,0,0,,246.38312169490385,144.31259484066769,69.0,187.33717742697797,108.0,10579,5975,659.0,171.0,0.004681868705581192,0.0019030617400383981,0.07701505608137695,0.39741991983562935,0.5189800936373741
2024-01-28,54740.0,54847.0,107.0,3080.0,51767,0,0,0,0.05615621638375846,6,Sunday,1,1,2024,0,0,,275.22529946943314,165.2299319727891,72.0,204.6905845929703,121.0,10982,5836,735.0,168.0,0.006089667620836144,0.004375809068864295,0.07103396721789706,0.4010064360858388,0.5174941200065637
2024-01-29,20677.0,20710.0,33.0,1236.0,19474,0,0,0,0.05968131337518107,0,Monday,0,1,2024,0,0,,215.46219217769195,127.92579505300354,48.0,160.0426951300867,96.0,4497,2989,283.0,91.0,0.00840173829068083,0.0045871559633027525,0.0656687590535973,0.3575567358763882,0.563785610816031
2024-01-30,14956.0,15007.0,51.0,1062.0,13945,0,0,0,0.07076697541147464,1,Tuesday,0,1,2024,0,0,,195.10954887719063,117.14624505928853,28.0,160.48999309868876,101.0,2898,2323,253.0,104.0,0.007862997267941627,0.003664956353701606,0.056840141267408544,0.36822816019191046,0.5634037449190378
2024-01-31,17535.0,17589.0,54.0,1195.0,16394,0,0,0,0.0679401898914094,2,Wednesday,0,1,2024,0,0,,188.76178293251465,98.76595744680851,29.5,152.73781410838632,97.0,3303,2595,282.0,118.0,0.005855932685200978,0.0038660526465404514,0.06816760475297061,0.3972369094320314,0.5248735004832565
2024-02-01,15311.0,15366.0,55.0,1075.0,14291,0,0,0,0.06995965117792528,3,Thursday,0,2,2024,0,0,,164.94097357802943,93.12109375,34.0,137.2614040763507,81.0,3091,2339,256.0,115.0,0.005531693348952232,0.0028634647923988024,0.08004685669660289,0.38214239229467656,0.5294155928673695
2024-02-02,14318.0,14356.0,38.0,1248.0,13108,0,0,0,0.08693229311786013,4,Friday,0,2,2024,0,0,,159.92567567567568,89.265780730897,29.0,130.37857142857143,75.0,3080,2353,301.0,130.0,0.005363611033714127,0.004806352744497074,0.07063248815826136,0.36660629701866815,0.5525912510448593
2024-02-03,36956.0,37094.0,138.0,3089.0,34005,0,0,0,0.08327492316816736,5,Saturday,1,2,2024,0,0,,213.46754192052623,329.5335365853659,93.0,151.4879077615298,94.0,7112,4641,656.0,159.0,0.0046907855717905865,0.003019356230118078,0.06914864937725777,0.4064808324796463,0.5166603763411872
2024-02-04,42157.0,42257.0,100.0,3300.0,38957,0,0,0,0.07809357029604562,6,Sunday,1,2,2024,0,0,,263.5754549542088,516.8411458333334,78.0,167.8106693395701,99.0,8979,5070,768.0,164.0,0.00695742717182952,0.0030527486570272383,0.07139645502520292,0.3939465650661429,0.5246468040797975
2024-02-05,18207.0,18261.0,54.0,2664.0,15597,0,0,0,0.14588467225234106,0,Monday,0,2,2024,0,0,,646.1532227150758,2796.5328836424956,3261.0,141.84808488612836,83.0,3864,2553,593.0,98.0,0.0062975740649471555,0.0035047368709271126,0.065166201193801,0.3997042878265155,0.5253272000438092
2024-02-06,11826.0,11863.0,37.0,774.0,11089,0,0,0,0.06524487903565708,1,Tuesday,0,2,2024,0,0,,159.76548933659276,134.20673076923077,26.0,134.1779261586803,90.0,2546,1999,208.0,98.0,0.004467672595464891,0.005479221107645621,0.07342156284245131,0.3585096518587204,0.5581218915957178
2024-02-07,15678.0,15714.0,36.0,1586.0,14128,0,0,0,0.10092910780196003,2,Wednesday,0,2,2024,0,0,,450.6636757031946,2503.846590909091,97.0,127.54959612277868,81.0,3095,2377,352.0,105.0,0.0035000636375206824,0.0029273259513809343,0.07356497390861652,0.39022527682321495,0.5297823596792669
2024-02-08,18510.0,18586.0,76.0,1256.0,17330,0,0,0,0.06757774669105779,3,Thursday,0,2,2024,0,0,,180.94711072850532,99.63694267515923,30.5,141.82633128177682,90.0,3737,2779,314.0,130.0,0.0031744323684493704,0.0031206284300010763,0.0636500591843323,0.3940600451953083,0.535994834821909
2024-02-09,18834.0,18911.0,77.0,1434.0,17477,0,0,0,0.0758288826608852,4,Friday,0,2,2024,0,0,,171.66897572841202,90.70977011494253,41.0,139.9536629562516,79.0,3863,2829,348.0,128.0,0.008090529321558881,0.0048648934482576275,0.06890169742477922,0.3721643487917085,0.5459785310136958
2024-02-10,47227.0,47355.0,128.0,2852.0,44503,0,0,0,0.06022595290887974,5,Saturday,1,2,2024,0,0,,197.67709851124485,112.65037037037037,51.0,164.6339916839917,101.0,9620,5506,675.0,170.0,0.006989758209270404,0.003632140217506071,0.06715235983528667,0.40152043078872346,0.5207053109492134
2024-02-11,43334.0,43484.0,150.0,2609.0,40875,0,0,0,0.05999908012142397,6,Sunday,1,2,2024,0,0,,228.33203017201728,135.5043227665706,69.0,178.86024493156324,116.0,9717,5193,694.0,155.0,0.006140189494986662,0.0022077085824671145,0.07317634072302456,0.3781390856406954,0.5403366755588263
2024-02-12,18139.0,18192.0,53.0,1137.0,17055,0,0,0,0.0625,0,Monday,0,2,2024,0,0,,185.0014291996482,105.50788643533123,45.0,148.30101678883898,92.0,4229,2711,317.0,99.0,0.0071459982409850485,0.002968337730870712,0.06629287598944592,0.3543315743183817,0.5692612137203166
2024-02-13,12867.0,12901.0,34.0,868.0,12033,0,0,0,0.06728160607704829,1,Tuesday,0,2,2024,0,0,,165.6587086272382,88.11637931034483,44.0,142.08535688005887,94.0,2718,2122,232.0,99.0,0.004185722037051392,0.0018603209053561739,0.06929695372451748,0.3578017207968375,0.5668552825362375
2024-02-14,13377.0,13397.0,20.0,916.0,12481,0,0,0,0.06837351645890871,2,Wednesday,0,2,2024,0,0,,171.4352466970217,106.59929078014184,26.0,143.15945396456578,94.0,3443,2500,282.0,121.0,0.003881465999850713,0.0016421586922445324,0.08718369784280063,0.352541613794133,0.5547510636709712
2024-02-15,20510.0,20552.0,42.0,1550.0,19002,0,0,0,0.07541845075905021,3,Thursday,0,2,2024,0,0,,183.51133709614635,118.99733333333333,48.0,151.8833138856476,99.0,4285,3116,375.0,138.0,0.0067633320358116,0.0033086804203970414,0.07609964966913196,0.3889159205916699,0.5249124172829895
2024-02-16,19947.0,20025.0,78.0,1454.0,18571,0,0,0,0.07260923845193508,4,Friday,0,2,2024,0,0,,184.7447191011236,92.91282051282052,44.0,149.8956563940791,84.0,4121,3030,390.0,134.0,0.004993757802746567,0.004094881398252185,0.06911360799001248,0.37852684144818977,0.543270911360799
2024-02-17,47079.0,47255.0,176.0,2809.0,44446,0,0,0,0.05944344513808063,5,Saturday,1,2,2024,0,0,,214.8536874404825,131.00156739811914,52.0,172.1851812816189,99.0,9488,5534,638.0,173.0,0.004570944873558354,0.0035551793461009416,0.08566289281557507,0.38256269177864777,0.5236482911861179
2024-02-18,48835.0,48997.0,162.0,2933.0,46064,0,0,0,0.05986080780455946,6,Sunday,1,2,2024,0,0,,250.93236320591058,154.62876712328767,65.5,191.1833890214797,116.0,10475,5617,730.0,177.0,0.005898320305324816,0.0037553319590995365,0.0740045308896463,0.3957181051901137,0.5206237116558157
2024-02-19,21372.0,21420.0,48.0,1485.0,19935,0,0,0,0.06932773109243698,0,Monday,0,2,2024,0,0,,205.86167133520075,123.95548961424332,45.0,165.44829747232086,94.0,4787,3058,337.0,109.0,0.005788982259570495,0.0038281979458450045,0.0757703081232493,0.3494397759103641,0.565172735760971
2024-02-20,15260.0,15294.0,34.0,1039.0,14255,0,0,0,0.06793513796259971,1,Tuesday,0,2,2024,0,0,,179.09474303648489,98.05925925925926,47.0,143.7848347375243,95.0,3086,2380,270.0,114.0,0.0071923630181770625,0.002746174970576697,0.07427749444226495,0.37897214593958417,0.5368118216293971
2024-02-21,17707.0,17771.0,64.0,1176.0,16595,0,0,0,0.06617522930617298,2,Wednesday,0,2,2024,0,0,,181.36795903438187,108.25573770491803,33.0,150.2695152013147,96.0,3651,2772,305.0,122.0,0.006358674244555737,0.00106915761634123,0.07878003488830117,0.3899049012435991,0.5238872320072028
2024-02-22,22623.0,22682.0,59.0,1531.0,21151,0,0,0,0.06749845692619698,3,Thursday,0,2,2024,0,0,,197.24296799224055,114.45212765957447,49.0,161.44175392670158,96.5,4584,3296,376.0,137.0,0.008553037651000794,0.003615201481350851,0.07076095582400141,0.38219733709549425,0.5348734679481527
2024-02-23,22465.0,22565.0,100.0,1573.0,20992,0,0,0,0.06970972745402171,4,Friday,0,2,2024,0,0,,212.53077775315754,128.5611111111111,46.0,166.33362753751103,92.0,4532,3236,360.0,136.0,0.008287170396631953,0.0038555284732993576,0.07205849767338798,0.35692444050520716,0.5588743629514735
2024-02-24,54734.0,54894.0,160.0,2683.0,52211,0,0,0,0.048876015593689655,5,Saturday,1,2,2024,0,0,,226.40277625970052,136.6770670826833,55.0,182.6371803098359,101.0,10909,6019,641.0,169.0,0.005465078150617554,0.0029875760556709293,0.06906037089663715,0.4105002368200532,0.5119867380770212
2024-02-25,52293.0,52492.0,199.0,3443.0,49049,0,0,0,0.06559094719195306,6,Sunday,1,2,2024,0,0,,269.1642154995047,173.36919315403424,71.0,200.22726457399102,116.0,11150,5840,818.0,168.0,0.006801036348395946,0.0044197211003581495,0.08212680027432752,0.38695420254514973,0.5196982397317687
2024-02-26,23279.0,23335.0,56.0,1281.0,22054,0,0,0,0.054896078851510606,0,Monday,0,2,2024,0,0,,210.3232054853225,130.3910447761194,42.0,169.1010844306739,93.0,5164,3276,335.0,101.0,0.008785086779515748,0.0030854938932933364,0.07388043711163489,0.3543175487465181,0.559931433469038
2024-02-27,16999.0,17059.0,60.0,1160.0,15899,0,0,0,0.06799929655900111,1,Tuesday,0,2,2024,0,0,,188.54159094905916,113.14336917562724,48.0,155.3230458609749,96.0,3467,2587,279.0,109.0,0.004455126326279383,0.004630986576000938,0.08036813412275046,0.3918752564628642,0.5186704965121051
2024-02-28,20380.0,20413.0,33.0,1303.0,19110,0,0,0,0.06383187184637241,2,Wednesday,0,2,2024,0,0,,205.7696076029981,123.4258064516129,47.0,160.4582375478927,97.0,3915,2812,310.0,123.0,0.003233233723607505,0.004898838975162886,0.07936119139763875,0.38700827903786805,0.5254984568657228
